timestamp,soil,temperature,humidity
2026-03-18T22:12:02,610,26.4,72.0
2026-03-18T22:12:17,814,26.4,72.0
2026-03-19T20:47:44,732,25.7,70.0
2026-03-19T21:05:30,610,30.6,72.0
2026-03-19T21:11:08,715,30.3,77.0
2026-03-19T21:11:32,512,30.3,77.0
2026-03-19T21:11:39,715,30.3,77.0
2026-03-19T21:11:46,512,30.3,77.0
2026-03-19T21:12:46,715,30.3,77.0
2026-03-19T21:22:52,510,30.3,77.0
2026-03-19T21:26:05,305,30.3,77.0
2026-03-19T21:26:11,100,30.3,77.0
2026-03-19T21:26:14,0,30.3,77.0
2026-03-19T21:26:40,0,30.3,77.0
2026-03-19T21:26:41,0,30.3,77.0
2026-03-19T21:26:42,0,30.3,77.0
2026-03-19T21:26:51,0,30.3,77.0
2026-03-19T21:26:54,0,30.3,77.0
2026-03-19T21:26:58,0,30.3,77.0
2026-03-19T21:27:00,0,30.3,77.0
2026-03-19T21:27:08,0,30.3,77.0
2026-03-19T21:27:13,0,30.3,77.0
2026-03-19T21:27:27,0,30.3,77.0
2026-03-19T21:28:17,0,30.3,77.0
2026-03-19T22:58:12,860,27.8,58.8
2026-03-19T22:58:15,859,27.9,58.9
2026-03-19T22:58:19,858,27.8,58.8
2026-03-19T22:58:21,859,27.8,58.9
2026-03-19T22:58:24,859,27.8,58.9
2026-03-19T22:58:28,860,27.9,59.0
2026-03-19T22:58:31,859,27.9,59.0
2026-03-19T22:58:33,859,27.9,58.9
2026-03-19T22:58:36,858,27.9,58.9
2026-03-19T22:58:44,860,27.9,58.9
2026-03-19T22:58:49,865,27.9,59.0
2026-03-19T22:58:52,411,27.9,59.0
2026-03-19T22:58:56,431,27.9,59.1
2026-03-19T22:58:58,440,27.9,59.2
2026-03-19T22:59:02,443,27.9,59.1
2026-03-19T22:59:04,448,27.9,59.1
2026-03-19T22:59:07,498,27.9,59.1
2026-03-19T22:59:11,502,27.9,59.2
2026-03-19T22:59:14,499,27.9,59.2
2026-03-19T22:59:16,498,27.8,59.2
2026-03-19T22:59:20,501,27.9,59.1
2026-03-19T22:59:23,690,27.9,59.1
2026-03-19T22:59:26,918,27.9,59.1
2026-03-19T22:59:30,918,27.9,59.0
2026-03-19T22:59:32,919,27.9,59.0
2026-03-19T22:59:36,922,27.9,59.0
2026-03-19T22:59:38,923,27.9,59.0
2026-03-19T22:59:41,970,28.0,59.0
2026-03-19T22:59:45,563,27.9,59.0
2026-03-19T22:59:48,442,27.9,59.0
2026-03-19T22:59:50,457,27.9,59.0
2026-03-19T22:59:54,460,27.9,59.1
2026-03-19T22:59:57,470,27.9,59.1
2026-03-19T23:00:00,474,27.9,59.1
2026-03-19T23:00:04,484,27.9,59.1
2026-03-19T23:00:06,991,27.9,59.2
2026-03-19T23:00:10,950,27.9,59.2
2026-03-19T23:00:12,997,27.9,59.2
2026-03-19T23:00:15,988,27.9,59.2
2026-03-19T23:00:18,988,27.9,59.2
2026-03-19T23:00:22,989,27.9,59.3
2026-03-19T23:00:25,977,27.9,59.2
2026-03-19T23:00:28,980,27.9,59.4
2026-03-19T23:00:31,981,27.9,59.5
2026-03-19T23:00:34,978,27.8,59.5
2026-03-19T23:00:37,953,27.8,59.5
2026-03-19T23:00:41,412,27.8,59.5
2026-03-19T23:00:43,451,27.8,59.6
2026-03-19T23:00:47,470,27.8,59.7
2026-03-19T23:00:49,489,27.8,59.6
2026-03-19T23:00:53,495,27.8,59.7
2026-03-19T23:00:56,481,27.8,59.6
2026-03-19T23:00:59,505,27.8,59.6
2026-03-19T23:01:02,516,27.8,59.6
2026-03-19T23:01:06,518,27.8,59.7
2026-03-19T23:36:54,1002,27.9,53.8
2026-03-19T23:36:58,1002,28.0,53.8
2026-03-19T23:37:04,1001,28.0,53.8
2026-03-19T23:37:07,884,28.0,53.7
2026-03-19T23:37:11,613,28.0,53.6
2026-03-19T23:37:13,692,28.0,53.7
2026-03-19T23:37:17,999,28.0,53.7
2026-03-19T23:37:20,999,28.0,53.6
2026-03-19T23:37:22,619,28.0,53.7
2026-03-19T23:37:25,629,28.0,53.7
2026-03-19T23:37:30,633,28.0,53.7
2026-03-19T23:37:32,636,28.0,53.7
2026-03-19T23:37:34,639,27.9,53.8
2026-03-19T23:37:38,640,28.0,53.8
2026-03-19T23:37:42,642,28.0,53.8
2026-03-19T23:37:44,643,28.0,53.9
2026-03-19T23:37:47,644,28.0,53.8
2026-03-19T23:37:52,644,28.0,53.9
2026-03-19T23:37:54,646,28.0,53.8
2026-03-19T23:37:59,647,28.0,53.8
2026-03-19T23:38:04,647,28.0,53.8
2026-03-19T23:38:09,648,28.0,53.7
2026-03-19T23:38:12,648,28.0,53.8
2026-03-19T23:38:15,648,28.0,53.8
2026-03-19T23:38:19,648,28.0,53.7
2026-03-19T23:38:22,649,28.0,53.8
2026-03-19T23:38:30,649,28.0,53.7
2026-03-19T23:38:35,651,28.0,53.7
2026-03-19T23:38:37,650,28.0,53.7
2026-03-19T23:38:40,651,28.0,53.7
2026-03-19T23:38:43,652,28.0,53.7
2026-03-19T23:38:46,652,28.0,53.7
2026-03-19T23:38:53,653,28.0,53.8
2026-03-19T23:38:55,655,28.0,53.8
2026-03-19T23:38:58,670,28.0,53.8
2026-03-19T23:39:03,591,27.9,54.1
2026-03-19T23:39:06,755,28.0,54.1
2026-03-19T23:39:08,966,27.9,54.0
2026-03-19T23:39:11,563,28.0,53.9
2026-03-19T23:39:14,578,28.0,53.9
2026-03-19T23:39:18,580,28.0,53.8
2026-03-19T23:39:21,584,28.0,53.9
2026-03-19T23:39:23,580,27.9,53.8
2026-03-19T23:39:27,582,27.9,53.7
2026-03-19T23:39:29,583,28.0,53.8
2026-03-19T23:39:33,584,28.0,53.8
2026-03-19T23:39:36,584,27.9,53.8
2026-03-19T23:39:39,585,27.9,53.9
2026-03-19T23:39:42,585,28.0,53.8
2026-03-19T23:39:45,587,27.9,53.9
2026-03-19T23:39:48,588,28.0,53.8
2026-03-19T23:39:51,587,27.9,53.8
2026-03-19T23:39:54,581,27.9,53.8
2026-03-19T23:39:58,580,27.9,53.8
2026-03-19T23:40:00,580,27.9,53.9
2026-03-19T23:40:04,580,27.9,53.9
2026-03-19T23:40:08,580,27.9,54.0
2026-03-19T23:40:09,580,27.9,53.9
2026-03-19T23:40:12,580,27.9,54.1
2026-03-19T23:40:17,580,27.9,54.1
2026-03-19T23:40:20,581,27.9,54.1
2026-03-19T23:40:22,580,27.9,54.0
2026-03-19T23:40:25,581,27.8,54.0
2026-03-19T23:40:30,581,27.8,54.1
2026-03-19T23:40:31,581,27.9,54.1
2026-03-19T23:40:37,581,27.8,54.2
2026-03-19T23:40:42,581,27.8,54.1
2026-03-19T23:40:45,581,27.9,54.1
2026-03-19T23:40:47,582,27.9,54.0
2026-03-19T23:40:53,582,27.9,54.0
2026-03-19T23:40:58,582,27.9,53.9
2026-03-19T23:41:02,583,27.8,53.9
2026-03-19T23:41:02,582,27.8,54.0
2026-03-19T23:41:09,583,27.8,54.0
2026-03-19T23:41:09,582,27.9,54.1
2026-03-19T23:41:15,583,27.8,54.1
2026-03-19T23:41:17,583,27.9,54.0
2026-03-19T23:41:21,584,27.8,53.8
2026-03-19T23:41:25,584,27.8,53.8
2026-03-19T23:41:31,584,27.9,53.8
2026-03-19T23:41:31,585,27.8,53.8
2026-03-19T23:41:37,585,27.8,53.7
2026-03-19T23:41:37,586,27.8,53.7
2026-03-19T23:41:39,585,27.9,53.8
2026-03-19T23:41:47,585,27.9,53.7
2026-03-19T23:41:52,585,27.9,53.5
2026-03-19T23:41:52,585,27.8,53.6
2026-03-19T23:43:53,579,27.6,52.7
2026-03-19T23:43:55,579,27.6,52.8
2026-03-19T23:43:58,578,27.6,52.9
2026-03-19T23:44:01,578,27.6,52.9
2026-03-19T23:44:07,579,27.6,53.0
2026-03-19T23:44:09,579,27.6,52.9
2026-03-19T23:44:11,578,27.6,52.9
2026-03-19T23:44:14,579,27.6,52.7
2026-03-19T23:44:18,579,27.6,52.6
2026-03-19T23:44:21,579,27.6,52.6
2026-03-19T23:44:24,579,27.7,52.6
2026-03-19T23:44:26,579,27.6,52.5
2026-03-19T23:44:29,579,27.6,52.5
2026-03-19T23:44:32,579,27.6,52.7
2026-03-19T23:44:39,579,27.6,52.8
2026-03-19T23:44:43,579,27.6,52.7
2026-03-19T23:44:46,579,27.7,52.7
2026-03-19T23:44:48,579,27.6,52.6
2026-03-19T23:44:51,579,27.6,52.6
2026-03-19T23:44:54,580,27.6,52.5
2026-03-19T23:44:58,580,27.6,52.5
2026-03-19T23:45:01,580,27.6,52.8
2026-03-19T23:45:04,580,27.6,52.7
2026-03-19T23:45:09,580,27.6,52.8
2026-03-19T23:45:20,580,27.6,52.8
2026-03-19T23:45:23,581,27.7,52.8
2026-03-19T23:45:29,580,27.7,52.7
2026-03-19T23:45:31,580,27.7,52.6
2026-03-19T23:45:34,581,27.7,52.7
2026-03-19T23:45:39,581,27.7,52.7
2026-03-19T23:45:42,581,27.8,52.6
2026-03-19T23:45:44,581,27.7,52.5
2026-03-19T23:45:47,581,27.7,52.2
2026-03-19T23:45:53,581,27.7,52.1
2026-03-19T23:45:57,581,27.7,52.1
2026-03-19T23:46:07,581,27.7,52.2
2026-03-19T23:46:09,581,27.7,52.1
2026-03-19T23:46:12,581,27.6,52.2
2026-03-19T23:46:15,581,27.7,52.3
2026-03-19T23:46:17,581,27.6,52.3
2026-03-19T23:46:21,581,27.7,52.3
2026-03-19T23:46:24,581,27.6,52.3
2026-03-19T23:46:30,582,27.6,52.3
2026-03-19T23:46:37,581,27.6,52.5
2026-03-19T23:46:37,582,27.6,52.4
2026-03-19T23:46:39,581,27.6,52.4
2026-03-19T23:46:50,582,27.6,52.5
2026-03-19T23:46:52,581,27.6,52.5
2026-03-19T23:46:55,582,27.6,52.6
2026-03-19T23:46:58,580,27.6,52.5
2026-03-19T23:47:00,582,27.6,52.6
2026-03-19T23:47:07,583,27.6,52.7
2026-03-19T23:47:10,581,27.6,52.6
2026-03-19T23:47:13,582,27.6,52.6
2026-03-19T23:47:19,583,27.6,52.5
2026-03-19T23:47:23,582,27.5,52.6
2026-03-19T23:47:25,583,27.6,52.6
2026-03-19T23:47:31,580,27.6,52.5
2026-03-19T23:47:34,579,27.6,52.7
2026-03-19T23:47:35,578,27.6,52.6
2026-03-19T23:47:39,580,27.6,52.7
2026-03-19T23:47:41,581,27.6,52.7
2026-03-19T23:47:44,580,27.5,52.7
2026-03-19T23:47:48,581,27.6,52.9
2026-03-19T23:47:52,580,27.6,52.9
2026-03-19T23:47:53,579,27.6,52.9
2026-03-19T23:47:57,581,27.6,52.8
2026-03-19T23:47:59,581,27.6,52.8
2026-03-19T23:48:08,583,27.6,52.8
2026-03-19T23:48:10,582,27.6,52.7
2026-03-19T23:48:13,584,27.7,52.6
2026-03-19T23:48:16,583,27.7,52.5
2026-03-19T23:48:22,582,27.7,52.5
2026-03-19T23:48:25,582,27.7,52.4
2026-03-19T23:48:28,574,27.8,52.4
2026-03-19T23:48:30,575,27.7,52.3
2026-03-19T23:48:34,575,27.7,52.2
2026-03-19T23:48:38,576,27.8,52.3
2026-03-19T23:48:40,576,27.7,52.4
2026-03-19T23:48:43,576,27.7,52.4
2026-03-19T23:48:48,576,27.7,52.3
2026-03-19T23:48:51,576,27.8,52.2
2026-03-19T23:48:53,576,27.7,52.2
2026-03-19T23:48:59,576,27.8,52.2
2026-03-19T23:49:01,576,27.7,52.3
2026-03-19T23:49:06,577,27.7,52.3
2026-03-19T23:49:08,576,27.7,52.3
2026-03-19T23:49:11,576,27.7,52.3
2026-03-19T23:49:20,576,27.7,52.5
2026-03-19T23:49:28,576,27.7,52.4
2026-03-19T23:53:44,573,27.5,52.3
2026-03-19T23:53:46,576,27.5,52.3
2026-03-19T23:53:49,579,27.5,52.2
2026-03-19T23:53:52,581,27.5,52.1
2026-03-19T23:53:56,585,27.5,52.1
2026-03-19T23:53:59,945,27.5,52.1
2026-03-19T23:54:01,945,27.5,52.1
2026-03-19T23:54:05,880,27.5,52.2
2026-03-19T23:54:07,867,27.5,52.4
2026-03-19T23:54:12,894,27.5,52.5
2026-03-19T23:54:15,910,27.5,52.4
2026-03-19T23:54:18,827,27.6,52.4
2026-03-19T23:54:20,950,27.5,52.4
2026-03-19T23:54:28,659,27.5,52.3
2026-03-19T23:54:29,598,27.6,52.3
2026-03-19T23:54:33,606,27.6,52.3
2026-03-19T23:54:35,610,27.6,52.3
2026-03-19T23:54:40,612,27.6,52.2
2026-03-19T23:54:43,613,27.6,52.3
2026-03-19T23:54:48,614,27.6,52.3
2026-03-19T23:54:53,614,27.6,52.1
2026-03-19T23:54:55,614,27.6,52.0
2026-03-19T23:55:00,615,27.6,51.9
2026-03-19T23:55:05,616,27.6,52.1
2026-03-19T23:55:08,615,27.6,52.0
2026-03-19T23:55:10,616,27.6,51.9
2026-03-19T23:55:13,617,27.6,51.9
2026-03-19T23:55:17,616,27.6,51.9
2026-03-19T23:55:20,616,27.7,51.7
2026-03-19T23:55:22,618,27.6,51.7
2026-03-19T23:55:25,618,27.6,51.8
2026-03-19T23:55:30,617,27.6,51.8
2026-03-19T23:55:32,617,27.6,51.9
2026-03-19T23:56:03,620,27.7,51.9
2026-03-19T23:56:05,619,27.7,51.5
2026-03-19T23:56:10,620,27.7,51.5
2026-03-19T23:56:13,620,27.8,51.4
2026-03-19T23:56:15,620,27.8,51.3
2026-03-19T23:56:18,620,27.7,51.3
2026-03-19T23:56:23,945,27.7,51.3
2026-03-19T23:56:28,775,27.7,51.4
2026-03-19T23:56:31,579,27.7,51.5
2026-03-19T23:56:34,582,27.7,51.5
2026-03-19T23:56:41,584,27.7,51.5
2026-03-19T23:56:43,583,27.7,51.6
2026-03-19T23:56:50,584,27.7,51.6
2026-03-19T23:56:52,583,27.7,51.6
2026-03-19T23:56:54,582,27.8,51.6
2026-03-19T23:56:59,581,27.8,51.6
2026-03-19T23:57:01,582,27.8,51.6
2026-03-19T23:57:04,583,27.8,51.2
2026-03-19T23:57:10,584,27.8,51.0
2026-03-19T23:57:13,585,27.8,51.0
2026-03-19T23:57:17,586,27.8,51.0
2026-03-19T23:57:20,587,27.8,51.1
2026-03-19T23:57:22,587,27.8,51.0
2026-03-19T23:57:27,587,27.8,50.9
2026-03-19T23:57:31,587,27.8,51.0
2026-03-19T23:57:36,588,27.8,50.9
2026-03-19T23:57:40,589,27.8,50.8
2026-03-19T23:57:45,588,27.8,50.8
2026-03-19T23:57:46,383,27.8,50.8
2026-03-19T23:57:47,178,27.8,50.8
2026-03-19T23:57:51,588,27.8,50.7
2026-03-19T23:57:56,589,27.8,50.8
2026-03-19T23:58:00,588,27.8,50.9
2026-03-19T23:58:03,588,27.8,50.7
2026-03-19T23:58:10,588,27.9,50.6
2026-03-19T23:58:12,588,27.8,50.6
2026-03-19T23:58:16,588,27.8,50.5
2026-03-19T23:58:19,588,27.9,50.4
2026-03-19T23:58:26,588,27.8,50.6
2026-03-19T23:58:28,588,27.9,50.5
2026-03-19T23:58:30,588,27.8,50.7
2026-03-19T23:58:35,587,27.9,50.6
2026-03-19T23:58:38,589,27.9,50.7
2026-03-19T23:58:44,384,27.9,50.7
2026-03-19T23:58:46,590,27.9,50.7
2026-03-19T23:58:49,590,27.9,50.4
2026-03-19T23:58:53,591,27.9,50.4
2026-03-19T23:58:56,592,27.9,50.3
2026-03-19T23:58:58,591,27.9,50.2
2026-03-19T23:59:03,591,28.0,50.1
2026-03-19T23:59:05,592,27.9,50.0
2026-03-19T23:59:07,591,28.0,50.1
2026-03-19T23:59:12,590,27.9,50.0
2026-03-19T23:59:14,590,27.9,49.8
2026-03-19T23:59:16,591,27.9,49.7
2026-03-19T23:59:21,591,27.9,49.8
2026-03-19T23:59:23,591,27.9,49.9
2026-03-19T23:59:25,591,27.9,50.0
2026-03-19T23:59:30,592,27.9,50.2
2026-03-19T23:59:37,592,27.9,50.3
2026-03-19T23:59:48,592,27.9,50.4
2026-03-19T23:59:57,593,27.9,50.1
2026-03-20T00:00:02,592,27.9,49.9
2026-03-20T00:00:04,593,27.9,49.9
2026-03-20T00:00:06,591,27.9,50.0
2026-03-20T00:00:11,592,27.9,50.0
2026-03-20T00:00:13,593,27.9,50.1
2026-03-20T00:00:15,594,27.9,50.2
2026-03-20T00:00:22,594,27.9,49.8
2026-03-20T00:00:25,593,27.9,49.7
2026-03-20T00:00:29,593,27.9,49.6
2026-03-20T00:00:32,592,27.9,49.7
2026-03-20T00:00:34,593,28.0,49.9
2026-03-20T00:00:39,593,27.9,49.9
2026-03-20T00:00:41,592,28.0,50.0
2026-03-20T00:00:43,593,27.9,50.0
2026-03-20T00:00:48,593,28.0,49.9
2026-03-20T00:00:50,594,28.0,49.7
2026-03-20T00:00:53,593,28.0,49.7
2026-03-20T00:00:57,593,28.0,49.8
2026-03-20T00:01:02,593,28.0,49.7
2026-03-20T00:01:06,593,28.0,49.8
2026-03-20T00:01:09,593,28.1,49.7
2026-03-20T00:04:14,583,27.9,48.1
2026-03-20T00:04:16,582,27.9,48.2
2026-03-20T00:04:19,582,27.9,48.4
2026-03-20T00:04:23,583,27.9,48.4
2026-03-20T00:04:26,582,27.9,48.6
2026-03-20T00:04:29,582,27.9,48.6
2026-03-20T00:04:36,583,27.9,48.7
2026-03-20T00:04:39,582,27.9,48.7
2026-03-20T00:04:44,577,28.0,48.7
2026-03-20T00:04:47,580,28.0,48.7
2026-03-20T00:04:52,582,28.0,48.7
2026-03-20T00:04:57,583,28.0,48.6
2026-03-20T00:05:00,582,28.0,48.5
2026-03-20T00:05:03,583,28.0,48.3
2026-03-20T00:05:06,583,28.0,48.1
2026-03-20T00:05:12,583,28.1,47.9
2026-03-20T00:05:15,583,28.0,47.6
2026-03-20T00:05:19,583,28.0,47.7
2026-03-20T00:05:28,583,27.9,47.8
2026-03-20T00:05:30,584,27.9,47.9
2026-03-20T00:05:34,584,27.9,48.1
2026-03-20T00:05:37,584,27.9,48.1
2026-03-20T00:05:43,583,27.9,48.1
2026-03-20T00:05:50,583,27.9,48.2
2026-03-20T00:05:52,584,27.9,48.2
2026-03-20T00:05:55,995,27.9,48.2
2026-03-20T00:05:59,993,27.9,48.3
2026-03-20T00:06:02,933,27.9,48.3
2026-03-20T00:06:04,774,27.9,48.3
2026-03-20T00:06:08,777,27.9,48.0
2026-03-20T00:06:11,779,27.9,48.0
2026-03-20T00:06:14,779,27.9,47.9
2026-03-20T00:06:17,780,27.9,47.9
2026-03-20T00:06:21,781,27.9,47.9
2026-03-20T00:06:26,784,27.9,48.0
2026-03-20T00:06:30,940,27.8,48.0
2026-03-20T00:06:33,993,27.9,48.2
2026-03-20T00:06:36,994,27.8,48.2
2026-03-20T00:06:39,993,27.8,48.3
2026-03-20T00:06:42,839,27.8,48.3
2026-03-20T00:06:45,796,27.9,48.4
2026-03-20T00:06:48,799,27.9,48.4
2026-03-20T00:06:52,799,27.9,48.4
2026-03-20T00:06:54,801,27.9,48.4
2026-03-20T00:06:57,800,27.9,48.4
2026-03-20T00:07:01,800,27.9,48.3
2026-03-20T00:07:03,802,27.9,48.3
2026-03-20T00:07:06,801,28.0,48.1
2026-03-20T00:07:10,802,27.9,48.0
2026-03-20T00:07:13,801,27.9,47.8
2026-03-20T00:07:15,803,27.9,47.9
2026-03-20T00:07:19,802,27.9,47.8
2026-03-20T00:07:22,804,27.9,47.8
2026-03-20T00:07:26,796,27.9,48.0
2026-03-20T00:07:29,670,27.9,48.1
2026-03-20T00:07:31,677,27.9,48.1
2026-03-20T00:07:35,682,27.9,48.2
2026-03-20T00:07:38,684,27.9,48.1
2026-03-20T00:07:40,687,27.9,48.2
2026-03-20T00:07:45,687,27.9,48.2
2026-03-20T00:07:47,688,27.9,48.1
2026-03-20T00:07:50,690,27.8,48.0
2026-03-20T00:07:54,690,27.8,48.1
2026-03-20T00:07:56,692,27.9,48.0
2026-03-20T00:07:59,692,27.8,48.0
2026-03-20T00:08:05,693,27.9,48.0
2026-03-20T00:08:08,694,27.9,48.0
2026-03-20T00:08:12,694,27.9,48.0
2026-03-20T00:08:15,693,27.9,48.0
2026-03-20T00:08:17,693,27.9,48.0
2026-03-20T00:08:21,693,27.8,48.1
2026-03-20T00:08:24,694,27.8,48.1
2026-03-20T00:08:27,694,27.8,48.1
2026-03-20T00:08:30,694,27.8,48.0
2026-03-20T00:08:33,695,27.8,48.1
2026-03-20T00:08:37,696,27.8,48.1
2026-03-20T00:08:42,696,27.8,48.0
2026-03-20T00:08:46,696,27.8,48.0
2026-03-20T00:08:49,696,27.8,48.1
2026-03-20T00:08:55,697,27.8,48.0
2026-03-20T00:08:58,697,27.8,47.9
2026-03-20T00:09:02,698,27.7,47.9
2026-03-20T00:09:05,699,27.7,48.0
2026-03-20T00:09:07,698,27.7,48.1
2026-03-20T00:09:10,699,27.7,48.2
2026-03-20T00:09:17,699,27.7,48.1
2026-03-20T00:09:19,698,27.7,48.0
2026-03-20T00:09:24,699,27.7,48.1
2026-03-20T00:09:33,700,27.7,48.2
2026-03-20T00:09:38,700,27.6,48.1
2026-03-20T00:09:41,701,27.7,48.3
2026-03-20T00:09:45,697,27.7,48.4
2026-03-20T00:09:47,703,27.7,48.5
2026-03-20T00:09:50,698,27.7,48.5
2026-03-20T00:09:55,702,27.6,48.5
2026-03-20T00:09:57,698,27.6,48.4
2026-03-20T00:09:59,704,27.6,48.2
2026-03-20T00:10:04,699,27.6,48.3
2026-03-20T00:10:06,702,27.6,48.3
2026-03-20T00:10:09,700,27.6,48.2
2026-03-20T00:10:14,703,27.7,48.1
2026-03-20T00:10:16,700,27.6,48.3
2026-03-20T00:10:18,703,27.6,48.4
2026-03-20T00:10:21,700,27.6,48.4
2026-03-20T00:10:28,700,27.7,48.5
2026-03-20T00:10:30,704,27.7,48.5
2026-03-20T00:10:35,701,27.7,48.5
2026-03-20T00:10:37,702,27.7,48.6
2026-03-20T00:10:40,702,27.7,48.5
2026-03-20T00:10:47,702,27.8,48.4
2026-03-20T00:10:49,703,27.8,48.4
2026-03-20T00:10:54,702,27.8,48.4
2026-03-20T00:10:56,703,27.8,48.3
2026-03-20T00:10:58,703,27.9,48.3
2026-03-20T00:11:03,704,27.8,48.2
2026-03-20T00:11:05,703,27.9,48.2
2026-03-20T00:11:08,704,27.9,48.1
2026-03-20T00:11:10,704,27.9,47.9
2026-03-20T00:11:15,704,27.9,47.9
2026-03-20T00:11:18,703,27.9,47.8
2026-03-20T00:11:20,703,27.9,47.9
2026-03-20T00:11:25,704,27.9,47.9
2026-03-20T00:11:30,704,28.0,48.0
2026-03-20T00:11:33,704,28.0,47.9
2026-03-20T00:11:36,706,28.0,47.7
2026-03-20T00:11:39,705,28.0,47.7
2026-03-20T00:11:42,706,28.0,47.7
2026-03-20T00:11:49,706,28.0,47.7
2026-03-20T00:11:57,707,28.0,47.6
2026-03-20T00:12:00,709,28.0,47.6
2026-03-20T00:12:03,706,28.0,47.6
2026-03-20T00:12:07,706,28.1,47.6
2026-03-20T00:12:10,707,28.0,47.5
2026-03-20T00:12:14,711,28.0,47.4
2026-03-20T00:12:17,707,28.1,47.3
2026-03-20T00:12:20,707,28.0,47.2
2026-03-20T00:12:22,710,28.0,47.3
2026-03-20T00:12:25,709,28.0,47.4
2026-03-20T00:12:28,709,28.0,47.3
2026-03-20T00:12:31,707,28.0,47.4
2026-03-20T00:12:35,704,28.0,47.4
2026-03-20T00:12:37,701,28.0,47.5
2026-03-20T00:12:40,698,28.0,47.5
2026-03-20T00:12:45,700,28.0,47.5
2026-03-20T00:12:48,700,27.9,47.5
2026-03-20T00:12:53,701,28.0,47.6
2026-03-20T00:12:55,698,27.9,47.6
2026-03-20T00:12:59,701,27.9,47.6
2026-03-20T00:13:03,699,27.9,47.6
2026-03-20T00:28:46,685,28.1,46.6
2026-03-20T00:28:48,685,28.1,46.7
2026-03-20T00:28:51,685,28.1,46.8
2026-03-20T00:28:55,686,28.1,46.7
2026-03-20T00:28:59,686,28.1,46.6
2026-03-20T00:29:01,688,28.1,46.7
2026-03-20T00:29:04,688,28.1,46.8
2026-03-20T00:29:07,689,28.1,46.8
2026-03-20T00:29:10,689,28.1,46.9
2026-03-20T00:29:16,690,28.1,46.9
2026-03-20T00:29:19,689,28.1,47.0
2026-03-20T00:29:23,691,28.1,47.1
2026-03-20T00:29:26,690,28.1,47.0
2026-03-20T00:29:29,691,28.1,47.0
2026-03-20T00:29:32,691,28.1,47.1
2026-03-20T00:29:34,691,28.1,47.1
2026-03-20T00:29:37,692,28.2,47.0
2026-03-20T00:29:44,692,28.2,46.9
2026-03-20T00:29:47,692,28.2,46.9
2026-03-20T00:30:03,693,28.2,46.9
2026-03-20T00:30:05,692,28.2,46.8
2026-03-20T00:30:09,694,28.2,46.7
2026-03-20T00:30:12,693,28.3,46.7
2026-03-20T00:30:15,693,28.3,46.7
2026-03-20T00:30:18,693,28.2,46.6
2026-03-20T00:30:22,695,28.2,46.6
2026-03-20T00:30:26,694,28.2,46.6
2026-03-20T00:30:30,695,28.2,46.6
2026-03-20T00:30:34,695,28.2,46.5
2026-03-20T00:30:36,695,28.2,46.4
2026-03-20T00:30:42,695,28.2,46.3
2026-03-20T00:30:46,695,28.1,46.3
2026-03-20T00:30:52,695,28.1,46.3
2026-03-20T00:30:55,696,28.1,46.4
2026-03-20T00:30:58,695,28.0,46.4
2026-03-20T00:31:01,1001,28.0,46.6
2026-03-20T00:31:04,1000,28.0,46.7
2026-03-20T00:31:07,1002,28.0,46.8
2026-03-20T00:31:11,700,27.9,46.8
2026-03-20T00:31:14,709,27.9,46.8
2026-03-20T00:31:17,708,27.9,46.8
2026-03-20T00:31:20,709,27.9,47.0
2026-03-20T00:31:23,710,27.9,46.9
2026-03-20T00:31:25,711,27.9,46.8
2026-03-20T00:31:29,710,27.8,46.9
2026-03-20T00:31:32,713,27.8,47.0
2026-03-20T00:31:35,711,27.8,47.1
2026-03-20T00:31:38,712,27.8,47.0
2026-03-20T00:31:41,712,27.8,47.1
2026-03-20T00:31:47,713,27.8,47.2
2026-03-20T00:31:50,713,27.8,47.4
2026-03-20T00:31:54,714,27.8,47.3
2026-03-20T00:31:58,713,27.8,47.3
2026-03-20T00:32:00,713,27.8,47.3
2026-03-20T00:32:04,715,27.8,47.1
2026-03-20T00:32:06,715,27.8,47.0
2026-03-20T00:32:11,714,27.8,47.0
2026-03-20T00:32:17,714,27.8,46.9
2026-03-20T00:32:18,716,27.7,47.0
2026-03-20T00:32:22,715,27.7,47.1
2026-03-20T00:32:25,715,27.7,47.1
2026-03-20T00:32:31,716,27.7,47.2
2026-03-20T00:32:34,716,27.7,47.3
2026-03-20T00:32:37,717,27.7,47.3
2026-03-20T00:32:41,716,27.7,47.3
2026-03-20T00:32:46,717,27.7,47.2
2026-03-20T00:32:49,716,27.7,47.2
2026-03-20T00:32:57,717,27.6,47.1
2026-03-20T00:33:01,717,27.6,47.2
2026-03-20T00:33:01,717,27.6,47.3
2026-03-20T00:33:05,716,27.6,47.3
2026-03-20T00:33:08,716,27.6,47.5
2026-03-20T00:33:11,718,27.6,47.4
2026-03-20T00:33:17,717,27.6,47.4
2026-03-20T00:33:18,716,27.6,47.5
2026-03-20T00:33:25,716,27.6,47.4
2026-03-20T00:33:25,716,27.6,47.5
2026-03-20T00:33:26,717,27.6,47.4
2026-03-20T00:33:30,717,27.6,47.5
2026-03-20T00:33:34,717,27.7,47.6
2026-03-20T00:33:35,717,27.6,47.5
2026-03-20T00:33:38,717,27.7,47.6
2026-03-20T00:33:38,717,27.7,47.6
2026-03-20T00:33:42,718,27.7,47.6
2026-03-20T00:33:45,717,27.7,47.4
2026-03-20T00:33:50,717,27.7,47.5
2026-03-20T00:33:51,717,27.8,47.5
2026-03-20T00:33:54,717,27.8,47.4
2026-03-20T00:33:58,718,27.8,47.3
2026-03-20T00:34:03,717,27.8,47.3
2026-03-20T00:34:05,717,27.9,47.2
2026-03-20T00:34:07,716,27.9,47.1
2026-03-20T00:34:15,717,27.9,47.1
2026-03-20T00:34:17,717,27.9,47.1
2026-03-20T00:34:18,717,27.9,47.0
2026-03-20T00:34:22,718,27.9,47.0
2026-03-20T00:34:26,717,28.0,47.0
2026-03-20T00:34:28,717,28.0,47.0
2026-03-20T00:34:31,718,28.0,46.9
2026-03-20T00:34:34,718,28.0,46.8
2026-03-20T00:34:37,717,28.0,46.9
2026-03-20T00:34:40,718,28.0,46.8
2026-03-20T00:34:44,717,28.1,46.8
2026-03-20T00:34:47,718,28.1,46.8
2026-03-20T00:34:50,718,28.1,46.7
2026-03-20T00:34:53,718,28.1,46.8
2026-03-20T00:34:56,718,28.1,46.7
2026-03-20T00:34:59,717,28.1,46.8
2026-03-20T00:35:02,718,28.1,46.7
2026-03-20T00:35:05,718,28.1,46.8
2026-03-20T00:35:11,718,28.2,46.8
2026-03-20T00:35:15,718,28.2,46.8
2026-03-20T00:35:20,717,28.2,46.8
2026-03-20T00:35:24,717,28.2,46.8
2026-03-20T00:35:26,718,28.2,46.9
2026-03-20T00:35:30,718,28.2,46.8
2026-03-20T00:39:27,716,27.4,48.5
2026-03-20T00:39:31,716,27.3,48.6
2026-03-20T00:39:33,716,27.3,48.6
2026-03-20T00:39:36,716,27.3,47.8
2026-03-20T00:39:40,716,27.3,47.9
2026-03-20T00:39:43,716,27.2,48.0
2026-03-20T00:39:49,721,27.2,48.1
2026-03-20T00:39:53,717,27.1,48.0
2026-03-20T00:39:55,716,27.2,48.1
2026-03-20T00:39:59,717,27.1,48.1
2026-03-20T00:40:02,717,27.1,48.2
2026-03-20T00:40:04,717,27.1,48.3
2026-03-20T00:40:07,717,27.1,48.3
2026-03-20T00:40:10,717,27.1,48.3
2026-03-20T00:40:13,716,27.1,48.4
2026-03-20T00:40:17,716,27.1,48.5
2026-03-20T00:40:20,717,27.1,48.4
2026-03-20T00:40:24,716,27.1,48.4
2026-03-20T00:40:26,719,27.1,48.4
2026-03-20T00:40:30,717,27.1,48.4
2026-03-20T00:40:33,717,27.1,48.3
2026-03-20T00:40:37,717,27.1,48.3
2026-03-20T00:53:19,653,27.0,46.2
2026-03-20T00:53:22,692,27.0,46.3
2026-03-20T00:53:25,695,27.0,46.3
2026-03-20T00:53:29,692,27.0,46.3
2026-03-20T00:53:51,703,27.1,46.5
2026-03-20T00:53:53,700,27.1,46.4
2026-03-20T00:53:56,710,27.1,46.4
2026-03-20T00:53:59,706,27.1,46.4
2026-03-20T00:54:02,705,27.1,46.4
2026-03-20T00:54:05,706,27.1,46.4
2026-03-20T00:54:09,707,27.2,46.3
2026-03-20T00:54:15,704,27.2,46.1
2026-03-20T00:54:17,702,27.2,46.0
2026-03-20T00:54:21,704,27.2,45.8
2026-03-20T00:54:24,705,27.2,46.0
2026-03-20T00:54:27,706,27.2,46.0
2026-03-20T00:54:30,705,27.2,46.0
2026-03-20T00:54:33,705,27.2,45.9
2026-03-20T00:54:36,706,27.2,45.9
2026-03-20T00:54:42,706,27.2,46.0
2026-03-20T00:54:45,707,27.2,45.9
2026-03-20T00:54:50,708,27.2,45.9
2026-03-20T00:54:52,705,27.2,45.7
2026-03-20T00:54:55,708,27.2,45.7
2026-03-20T00:54:58,706,27.2,45.7
2026-03-20T00:55:02,707,27.1,45.7
2026-03-20T00:55:05,707,27.1,45.6
2026-03-20T00:55:08,707,27.2,45.7
2026-03-20T00:55:11,707,27.1,45.7
2026-03-20T00:55:14,708,27.1,45.6
2026-03-20T00:55:17,710,27.1,45.5
2026-03-20T00:55:19,708,27.1,45.6
2026-03-20T00:55:23,710,27.1,45.6
2026-03-20T00:55:25,710,27.0,45.6
2026-03-20T00:55:29,710,27.0,45.7
2026-03-20T00:55:32,711,27.0,45.7
2026-03-20T00:55:36,710,27.0,45.7
2026-03-20T00:55:39,711,27.0,45.7
2026-03-20T00:55:42,711,27.0,46.0
2026-03-20T00:55:45,711,27.0,46.1
2026-03-20T00:55:48,716,27.0,46.0
2026-03-20T00:55:52,716,27.1,45.8
2026-03-20T00:55:55,716,27.1,45.7
2026-03-20T00:55:58,716,27.1,45.6
2026-03-20T00:56:03,717,27.0,45.7
2026-03-20T00:56:07,717,27.1,45.7
2026-03-20T00:56:10,715,27.1,45.6
2026-03-20T00:56:13,717,27.1,45.7
2026-03-20T00:56:17,717,27.0,45.7
2026-03-20T00:56:20,716,27.1,45.7
2026-03-20T00:56:23,717,27.1,45.8
2026-03-20T00:56:26,717,27.1,45.8
2026-03-20T00:56:29,717,27.0,45.8
2026-03-20T00:56:32,717,27.1,45.9
2026-03-20T00:56:36,716,27.1,45.8
2026-03-20T00:56:38,717,27.1,45.7
2026-03-20T00:56:42,717,27.1,45.6
2026-03-20T00:56:45,717,27.1,45.5
2026-03-20T00:56:49,717,27.1,45.5
2026-03-20T00:56:51,718,27.1,45.5
2026-03-20T00:56:54,717,27.1,45.5
2026-03-20T00:56:58,717,27.1,45.6
2026-03-20T00:57:01,718,27.1,45.5
2026-03-20T00:57:12,719,27.2,45.5
2026-03-20T00:57:17,719,27.2,45.6
2026-03-20T00:57:20,719,27.2,45.5
2026-03-20T00:57:27,719,27.2,45.4
2026-03-20T00:57:30,719,27.2,45.3
2026-03-20T00:57:33,719,27.2,45.2
2026-03-20T00:57:36,718,27.2,45.1
2026-03-20T00:57:40,719,27.2,45.1
2026-03-20T00:57:48,719,27.2,45.1
2026-03-20T00:57:51,719,27.2,45.3
2026-03-20T00:57:52,719,27.2,45.3
2026-03-20T00:57:57,719,27.2,45.4
2026-03-20T00:57:59,719,27.3,45.4
2026-03-20T00:58:04,719,27.3,45.4
2026-03-20T00:58:06,720,27.3,46.2
2026-03-20T00:58:10,719,27.3,46.1
2026-03-20T00:58:16,719,27.4,46.2
2026-03-20T00:58:18,718,27.4,46.1
2026-03-20T00:58:21,719,27.4,46.0
2026-03-20T00:58:25,718,27.5,46.0
2026-03-20T00:58:27,719,27.5,46.0
2026-03-20T00:58:33,719,27.5,45.9
2026-03-20T00:58:34,719,27.6,45.8
2026-03-20T00:58:39,719,27.6,45.7
2026-03-20T00:58:40,718,27.6,45.6
2026-03-20T00:58:43,718,27.6,45.4
2026-03-20T00:58:46,718,27.6,45.2
2026-03-20T00:58:51,719,27.6,45.1
2026-03-20T00:58:54,718,27.6,44.9
2026-03-20T00:59:03,718,27.5,45.0
2026-03-20T00:59:06,711,27.5,44.9
2026-03-20T00:59:09,715,27.5,44.9
2026-03-20T00:59:13,717,27.5,44.9
2026-03-20T00:59:15,717,27.5,45.1
2026-03-20T01:09:49,685,27.2,43.8
2026-03-20T01:09:52,689,27.1,43.8
2026-03-20T01:09:55,691,27.1,43.9
2026-03-20T01:09:58,687,27.1,43.8
2026-03-20T01:10:02,687,27.1,43.9
2026-03-20T01:10:04,684,27.1,43.9
2026-03-20T01:10:06,685,27.1,43.9
2026-03-20T01:10:11,683,27.1,43.9
2026-03-20T01:10:16,684,27.1,44.0
2026-03-20T01:10:16,683,27.1,43.9
2026-03-20T01:10:19,694,27.1,43.8
2026-03-20T01:10:21,698,27.1,43.7
2026-03-20T01:10:25,696,27.1,43.6
2026-03-20T01:10:29,698,27.0,43.7
2026-03-20T01:10:34,693,27.0,43.6
2026-03-20T01:10:34,702,27.0,43.7
2026-03-20T01:10:38,699,27.0,43.7
2026-03-20T01:10:46,693,27.0,43.9
2026-03-20T01:10:47,689,27.0,43.8
2026-03-20T01:10:51,696,26.9,43.7
2026-03-20T01:10:53,699,26.9,43.7
2026-03-20T01:10:57,706,26.9,43.7
2026-03-20T01:11:00,701,26.9,43.7
2026-03-20T01:11:03,703,26.9,43.7
2026-03-20T01:11:07,702,26.9,43.7
2026-03-20T01:11:09,700,26.8,43.7
2026-03-20T01:11:12,681,26.8,43.8
2026-03-20T01:11:16,667,26.8,43.7
2026-03-20T01:11:19,662,26.8,43.8
2026-03-20T01:11:22,691,26.8,43.9
2026-03-20T01:11:44,672,26.7,44.1
2026-03-20T01:11:47,701,26.7,44.0
2026-03-20T01:11:50,697,26.7,44.0
2026-03-20T01:11:53,703,26.7,44.0
2026-03-20T01:11:56,700,26.6,44.0
2026-03-20T01:11:59,700,26.6,44.1
2026-03-20T01:12:02,691,26.6,44.2
2026-03-20T01:12:05,692,26.6,44.2
2026-03-20T01:12:09,699,26.6,44.3
2026-03-20T01:12:12,702,26.6,44.4
2026-03-20T01:12:14,694,26.6,44.3
2026-03-20T01:12:18,687,26.6,44.4
2026-03-20T01:12:22,705,26.6,44.4
2026-03-20T01:12:24,689,26.6,44.3
2026-03-20T01:12:27,679,26.7,44.3
2026-03-20T01:12:30,683,26.7,44.4
2026-03-20T01:12:34,680,26.7,44.3
2026-03-20T01:12:36,681,26.7,44.2
2026-03-20T01:12:40,685,26.7,44.1
2026-03-20T01:12:42,704,26.7,44.0
2026-03-20T01:12:45,668,26.7,44.1
2026-03-20T01:12:50,676,26.7,44.1
2026-03-20T01:12:53,666,26.7,44.0
2026-03-20T01:12:55,667,26.6,44.1
2026-03-20T01:12:58,672,26.7,44.1
2026-03-20T01:13:01,675,26.7,44.2
2026-03-20T01:13:04,674,26.7,44.2
2026-03-20T01:13:08,671,26.7,44.3
2026-03-20T01:13:10,670,26.7,44.2
2026-03-20T01:13:14,669,26.7,44.3
2026-03-20T01:13:17,659,26.7,44.2
2026-03-20T01:13:20,661,26.7,44.2
2026-03-20T01:13:22,668,26.7,44.2
2026-03-20T01:13:30,665,26.7,44.2
2026-03-20T01:13:32,667,26.7,44.2
2026-03-20T01:13:36,658,26.6,44.2
2026-03-20T01:13:39,666,26.6,44.2
2026-03-20T01:13:41,677,26.6,44.2
2026-03-20T01:13:44,672,26.6,44.3
2026-03-20T01:13:49,673,26.6,44.2
2026-03-20T01:13:51,672,26.6,44.4
2026-03-20T01:13:53,663,26.6,44.2
2026-03-20T01:13:57,662,26.6,44.3
2026-03-20T01:14:00,663,26.6,44.3
2026-03-20T01:14:03,662,26.5,44.3
2026-03-20T01:14:07,664,26.5,44.4
2026-03-20T01:14:09,648,26.5,44.5
2026-03-20T01:14:12,658,26.5,44.5
2026-03-20T01:14:15,654,26.4,44.6
2026-03-20T01:14:20,656,26.4,44.7
2026-03-20T01:14:23,644,26.4,44.8
2026-03-20T01:14:27,650,26.4,44.8
2026-03-20T01:14:29,645,26.3,45.0
2026-03-20T01:14:31,653,26.3,45.1
2026-03-20T01:14:35,654,26.3,45.1
2026-03-20T01:14:38,655,26.3,45.1
2026-03-20T01:14:43,657,26.3,45.2
2026-03-20T01:14:43,650,26.3,45.2
2026-03-20T01:14:47,657,26.3,45.3
2026-03-20T01:14:50,656,26.3,45.3
2026-03-20T01:14:53,655,26.3,45.3
2026-03-20T01:14:57,656,26.3,45.4
2026-03-20T01:15:00,657,26.3,45.4
2026-03-20T01:15:04,656,26.3,45.4
2026-03-20T01:15:07,654,26.3,45.4
2026-03-20T01:15:10,660,26.3,45.4
2026-03-20T01:15:14,657,26.3,45.4
2026-03-20T01:15:14,664,26.4,45.4
2026-03-20T01:15:17,666,26.4,45.3
2026-03-20T01:15:23,665,26.5,45.3
2026-03-20T01:15:28,669,26.5,45.2
2026-03-20T01:15:31,691,26.5,45.1
2026-03-20T01:15:33,690,26.5,45.1
2026-03-20T01:15:36,692,26.5,45.1
2026-03-20T01:15:39,692,26.6,45.0
2026-03-20T01:15:42,673,26.6,44.9
2026-03-20T01:15:47,677,26.6,44.9
2026-03-20T01:15:50,673,26.6,44.8
2026-03-20T01:15:53,662,26.6,44.8
2026-03-20T01:15:56,684,26.7,44.7
2026-03-20T01:15:58,689,26.7,44.7
2026-03-20T01:16:01,699,26.7,44.8
2026-03-20T01:16:04,729,26.7,44.7
2026-03-20T01:16:07,720,26.7,44.7
2026-03-20T01:16:10,718,26.7,44.7
2026-03-20T01:16:22,715,26.8,44.6
2026-03-20T01:16:24,717,26.8,44.6
2026-03-20T01:16:27,718,26.8,44.6
2026-03-20T01:16:29,715,26.8,44.6
2026-03-20T01:16:31,706,26.8,44.6
2026-03-20T01:16:37,703,26.8,44.6
2026-03-20T01:16:39,705,26.8,44.5
2026-03-20T01:16:42,705,26.8,44.6
2026-03-20T01:16:44,708,26.8,44.5
2026-03-20T01:16:47,708,26.8,44.6
2026-03-20T01:16:51,709,26.8,44.6
2026-03-20T01:16:54,708,26.8,44.6
2026-03-20T01:16:56,708,26.8,44.7
2026-03-20T01:17:04,707,26.8,44.6
2026-03-20T01:17:06,708,26.8,44.7
2026-03-20T01:17:09,708,26.8,44.6
2026-03-20T01:17:12,709,26.9,44.6
2026-03-20T01:17:14,709,26.9,44.5
2026-03-20T01:17:19,708,27.0,44.5
2026-03-20T01:17:22,709,27.0,44.4
2026-03-20T01:17:25,708,27.0,44.3
2026-03-20T01:17:27,708,27.0,44.2
2026-03-20T01:17:30,708,27.1,44.1
2026-03-20T01:17:33,708,27.1,44.0
2026-03-20T01:17:36,708,27.1,43.9
2026-03-20T01:17:41,708,27.1,43.7
2026-03-20T01:17:44,708,27.1,43.8
2026-03-20T01:17:46,709,27.1,43.6
2026-03-20T01:17:49,708,27.1,43.5
2026-03-20T01:17:53,709,27.1,43.6
2026-03-20T01:17:59,709,27.1,43.7
2026-03-20T01:18:06,708,27.1,43.7
2026-03-20T01:18:08,708,27.1,43.8
2026-03-20T01:18:14,709,27.1,43.8
2026-03-20T01:18:16,708,27.1,43.8
2026-03-20T01:18:19,709,27.1,43.9
2026-03-20T01:18:22,709,27.2,43.8
2026-03-20T01:18:26,710,27.2,43.7
2026-03-20T01:18:29,709,27.2,43.6
2026-03-20T01:18:32,709,27.2,43.5
2026-03-20T01:18:35,708,27.2,43.4
2026-03-20T01:18:39,709,27.2,43.4
2026-03-20T01:18:41,709,27.2,43.3
2026-03-20T01:18:44,708,27.2,43.3
2026-03-20T01:18:47,709,27.2,43.3
2026-03-20T01:18:54,709,27.3,43.3
2026-03-20T01:18:57,709,27.2,43.3
2026-03-20T01:19:00,709,27.3,43.4
2026-03-20T01:19:03,710,27.2,43.4
2026-03-20T01:19:06,709,27.3,43.3
2026-03-20T01:19:12,709,27.3,43.2
2026-03-20T01:19:18,708,27.2,43.1
2026-03-20T01:19:23,708,27.2,43.0
2026-03-20T01:19:27,709,27.2,43.1
2026-03-20T01:19:29,708,27.2,43.1
2026-03-20T01:19:37,710,27.1,43.1
2026-03-20T01:19:42,710,27.0,43.2
2026-03-20T01:19:45,709,27.0,43.4
2026-03-20T01:19:48,709,27.0,43.5
2026-03-20T01:19:51,710,27.0,43.4
2026-03-20T01:20:12,711,27.0,43.3
2026-03-20T01:20:15,710,27.0,43.3
2026-03-20T01:20:20,709,26.9,43.4
2026-03-20T01:20:23,709,27.0,43.4
2026-03-20T01:20:26,710,26.9,43.5
2026-03-20T01:20:34,710,26.9,43.6
2026-03-20T01:20:37,710,26.9,43.5
2026-03-20T01:20:41,710,26.9,43.4
2026-03-20T01:20:50,709,26.9,43.4
2026-03-20T01:20:52,710,26.9,43.3
2026-03-20T01:20:55,710,27.0,43.3
2026-03-20T01:20:59,709,26.9,43.2
2026-03-20T01:21:03,710,26.9,43.1
2026-03-20T01:21:07,709,26.9,43.2
2026-03-20T01:21:10,710,26.9,43.0
2026-03-20T01:21:12,709,26.9,43.0
2026-03-20T01:21:15,710,26.9,43.1
2026-03-20T01:21:18,709,26.9,43.1
2026-03-20T01:21:20,710,26.9,43.1
2026-03-20T01:21:23,710,26.8,43.2
2026-03-20T01:21:32,711,26.8,43.1
2026-03-20T01:21:37,710,26.8,43.2
2026-03-20T01:21:39,709,26.8,43.1
2026-03-20T01:21:41,710,26.8,43.2
2026-03-20T01:21:48,711,26.8,43.2
2026-03-20T01:21:51,710,26.8,43.3
2026-03-20T01:21:53,711,26.8,43.4
2026-03-20T01:21:58,709,26.8,43.4
2026-03-20T01:22:00,710,26.8,43.4
2026-03-20T01:22:02,710,26.8,43.3
2026-03-20T01:22:07,709,26.8,43.3
2026-03-20T01:22:09,710,26.8,43.3
2026-03-20T01:22:16,710,26.9,43.3
2026-03-20T01:22:19,709,26.9,43.3
2026-03-20T01:22:21,711,26.9,43.2
2026-03-20T01:22:26,709,26.9,43.2
2026-03-20T01:22:28,710,27.0,43.2
2026-03-20T01:22:33,711,27.0,43.2
2026-03-20T01:22:37,711,27.0,43.1
2026-03-20T01:22:40,710,27.0,43.0
2026-03-20T01:22:42,710,27.1,42.9
2026-03-20T01:22:47,709,27.1,42.9
2026-03-20T01:22:50,710,27.1,42.8
2026-03-20T01:22:52,710,27.2,42.7
2026-03-20T01:22:55,711,27.1,42.5
2026-03-20T01:22:58,711,27.2,42.3
2026-03-20T01:23:03,710,27.2,42.3
2026-03-20T01:23:05,711,27.2,42.3
2026-03-20T01:23:08,710,27.2,42.3
2026-03-20T01:23:10,711,27.2,42.3
2026-03-20T01:23:13,711,27.2,42.2
2026-03-20T01:23:16,710,27.2,42.1
2026-03-20T01:23:23,710,27.2,42.2
2026-03-20T01:23:26,711,27.2,42.2
2026-03-20T01:23:29,710,27.2,42.1
2026-03-20T01:23:31,711,27.2,42.0
2026-03-20T01:23:36,710,27.2,42.2
2026-03-20T01:23:39,710,27.2,42.1
2026-03-20T01:23:42,710,27.2,42.2
2026-03-20T01:23:44,711,27.2,42.3
2026-03-20T01:23:47,711,27.2,42.4
2026-03-20T01:23:54,710,27.2,42.2
2026-03-20T01:23:57,710,27.2,42.3
2026-03-20T01:24:00,711,27.2,42.2
2026-03-20T01:24:03,710,27.2,42.2
2026-03-20T01:24:06,711,27.2,42.2
2026-03-20T01:24:09,711,27.1,42.2
2026-03-20T01:24:11,711,27.2,42.2
2026-03-20T01:24:16,710,27.1,42.2
2026-03-20T01:24:19,710,27.1,42.3
2026-03-20T01:24:24,711,27.1,42.2
2026-03-20T01:24:26,711,27.1,42.1
2026-03-20T01:24:32,711,27.1,42.2
2026-03-20T01:24:34,711,27.1,42.3
2026-03-20T01:24:40,710,27.1,42.4
2026-03-20T01:24:42,688,27.1,42.6
2026-03-20T01:24:45,739,27.1,42.3
2026-03-20T01:24:48,719,27.1,42.2
2026-03-20T09:26:26,943,0.0,0.0
2026-03-20T09:26:32,944,0.0,0.0
2026-03-20T09:26:38,943,0.0,0.0
2026-03-20T09:26:41,948,0.0,0.0
2026-03-20T09:26:45,947,0.0,0.0
2026-03-20T09:26:48,953,0.0,0.0
2026-03-20T09:26:51,1002,0.0,0.0
2026-03-20T09:26:54,963,0.0,0.0
2026-03-20T09:26:58,962,0.0,0.0
2026-03-20T09:27:04,963,0.0,0.0
2026-03-20T09:27:07,962,0.0,0.0
2026-03-20T09:27:11,963,0.0,0.0
2026-03-20T09:27:14,962,0.0,0.0
2026-03-20T09:27:17,963,0.0,0.0
2026-03-20T09:27:20,959,0.0,0.0
2026-03-20T09:27:25,957,0.0,0.0
2026-03-20T09:27:28,1006,0.0,0.0
2026-03-20T09:27:30,963,0.0,0.0
2026-03-20T09:27:36,307,0.0,0.0
2026-03-20T09:27:38,389,0.0,0.0
2026-03-20T09:27:41,321,0.0,0.0
2026-03-20T09:27:43,749,0.0,0.0
2026-03-20T09:27:46,944,0.0,0.0
2026-03-20T09:27:51,487,0.0,0.0
2026-03-20T09:27:54,454,0.0,0.0
2026-03-20T09:27:56,459,0.0,0.0
2026-03-20T09:27:59,467,0.0,0.0
2026-03-20T09:28:02,974,0.0,0.0
2026-03-20T09:28:07,973,0.0,0.0
2026-03-20T09:28:09,974,0.0,0.0
2026-03-20T09:28:15,975,0.0,0.0
2026-03-20T09:28:17,973,0.0,0.0
2026-03-20T09:29:18,962,27.0,68.5
2026-03-20T09:29:20,954,27.0,68.5
2026-03-20T09:29:23,972,27.0,68.4
2026-03-20T09:29:25,965,27.0,68.6
2026-03-20T09:29:29,978,27.0,68.5
2026-03-20T09:29:32,951,27.0,68.5
2026-03-20T09:29:35,429,27.0,68.5
2026-03-20T09:29:38,240,27.0,68.5
2026-03-20T09:29:41,249,27.0,68.5
2026-03-20T09:29:44,244,27.0,68.4
2026-03-20T09:29:48,471,26.9,68.5
2026-03-20T09:29:51,958,27.0,68.5
2026-03-20T09:29:55,440,27.0,68.3
2026-03-20T09:29:56,481,27.0,68.4
2026-03-20T09:29:59,922,26.9,68.4
2026-03-20T09:30:03,969,27.0,68.3
2026-03-20T09:30:05,969,26.9,68.3
2026-03-20T09:47:13,982,27.1,66.1
2026-03-20T09:47:15,985,27.1,66.0
2026-03-20T09:47:20,986,27.2,66.7
2026-03-20T09:47:22,988,27.2,66.4
2026-03-20T09:47:26,989,27.2,66.2
2026-03-20T09:47:30,987,27.2,66.1
2026-03-20T09:47:34,494,27.2,66.1
2026-03-20T09:47:34,507,27.2,66.0
2026-03-20T09:47:38,534,27.1,66.0
2026-03-20T09:47:41,932,27.2,66.0
2026-03-20T09:47:45,300,27.2,66.0
2026-03-20T09:47:46,305,27.2,65.9
2026-03-20T09:47:50,311,27.2,65.8
2026-03-20T09:47:54,324,27.2,65.8
2026-03-20T09:47:58,979,27.2,65.9
2026-03-20T09:47:59,555,27.2,65.8
2026-03-20T09:48:02,563,27.2,65.8
2026-03-20T09:48:06,568,27.2,65.8
2026-03-20T09:48:11,570,27.2,65.9
2026-03-20T09:48:11,570,27.2,65.8
2026-03-20T09:48:15,572,27.2,65.8
2026-03-20T09:50:48,584,27.4,66.7
2026-03-20T09:50:50,584,27.4,66.7
2026-03-20T09:50:54,585,27.4,66.7
2026-03-20T09:50:59,586,27.4,66.7
2026-03-20T09:51:00,372,27.4,66.7
2026-03-20T09:51:03,307,27.4,66.7
2026-03-20T09:51:08,356,27.4,66.7
2026-03-20T09:51:10,361,27.4,66.6
2026-03-20T09:51:13,368,27.4,66.6
2026-03-20T09:51:17,373,27.4,66.6
2026-03-20T09:51:19,376,27.4,66.6
2026-03-20T09:51:22,378,27.4,66.6
2026-03-20T09:51:27,380,27.4,66.7
2026-03-20T09:51:28,381,27.4,66.6
2026-03-20T09:51:31,382,27.4,66.6
2026-03-20T09:51:36,382,27.4,66.7
2026-03-20T09:51:38,382,27.4,66.6
2026-03-20T09:51:41,382,27.4,66.5
2026-03-20T09:51:45,382,27.4,66.6
2026-03-20T09:51:51,382,27.4,66.6
2026-03-20T09:51:59,383,27.4,66.6
2026-03-20T09:52:06,412,27.4,66.6
2026-03-20T09:52:10,414,27.4,66.7
2026-03-20T09:52:12,414,27.4,66.5
2026-03-20T09:52:14,419,27.4,66.6
2026-03-20T09:52:19,407,27.4,66.5
2026-03-20T09:52:20,406,27.4,66.6
2026-03-20T09:52:24,413,27.4,66.6
2026-03-20T09:52:26,406,27.4,66.7
2026-03-20T09:52:31,405,27.4,66.6
2026-03-20T09:52:34,404,27.4,66.6
2026-03-20T09:52:38,405,27.4,66.7
2026-03-20T09:52:40,404,27.4,66.6
2026-03-20T09:52:43,405,27.4,66.7
2026-03-20T09:52:45,404,27.4,66.7
2026-03-20T09:52:49,405,27.4,66.7
2026-03-20T09:52:52,406,27.4,66.7
2026-03-20T09:52:56,406,27.4,66.7
2026-03-20T09:52:58,776,27.4,66.6
2026-03-20T09:56:01,1006,27.4,66.8
2026-03-20T09:56:06,974,27.4,66.8
2026-03-20T09:56:08,964,27.4,66.8
2026-03-20T09:56:11,987,27.4,66.8
2026-03-20T09:56:15,1007,27.4,66.8
2026-03-20T09:56:18,1006,27.4,66.8
2026-03-20T09:56:20,1008,27.4,66.8
2026-03-20T09:56:25,1013,27.4,66.8
2026-03-20T09:56:26,960,27.4,66.8
2026-03-20T10:00:59,604,27.4,66.9
2026-03-20T10:01:01,602,27.4,66.9
2026-03-20T10:01:05,603,27.4,66.9
2026-03-20T10:01:08,604,27.4,66.9
2026-03-20T10:01:11,601,27.4,66.9
2026-03-20T10:01:18,621,27.4,66.9
2026-03-20T10:01:24,615,27.4,66.9
2026-03-20T10:01:28,613,27.4,66.9
2026-03-20T10:01:31,616,27.4,66.9
2026-03-20T10:01:38,618,27.4,66.9
2026-03-20T10:01:41,616,27.4,66.9
2026-03-20T10:01:43,616,27.4,66.9
2026-03-20T10:01:48,617,27.4,66.9
2026-03-20T10:01:51,619,27.4,66.9
2026-03-20T10:01:54,620,27.4,66.9
2026-03-20T10:01:57,328,27.4,66.9
2026-03-20T10:02:00,349,27.4,66.9
2026-03-20T10:02:03,432,27.4,66.9
2026-03-20T10:02:06,440,27.4,66.9
2026-03-20T10:02:10,442,27.4,66.9
2026-03-20T10:02:16,441,27.4,66.9
2026-03-20T10:02:20,441,27.4,66.9
2026-03-20T10:02:23,447,27.4,66.9
2026-03-20T10:08:22,426,0.0,0.0
2026-03-20T10:08:25,425,0.0,0.0
2026-03-20T10:08:35,431,27.5,66.3
2026-03-20T10:08:38,461,27.5,66.3
2026-03-20T10:08:41,448,27.5,66.3
2026-03-20T10:08:46,434,27.5,66.3
2026-03-20T10:08:49,450,27.5,66.3
2026-03-20T10:08:51,433,27.5,66.3
2026-03-20T10:08:54,420,27.5,66.3
2026-03-20T10:08:57,419,27.5,66.3
2026-03-20T10:09:02,420,27.5,66.3
2026-03-20T10:09:04,426,27.5,66.3
2026-03-20T10:09:07,425,27.5,66.3
2026-03-20T10:09:14,427,27.5,66.3
2026-03-20T10:09:20,426,27.5,66.3
2026-03-20T10:09:22,366,27.5,66.3
2026-03-20T10:09:25,1002,27.5,66.3
2026-03-20T10:09:30,307,27.5,66.3
2026-03-20T10:09:33,987,27.5,66.3
2026-03-20T10:09:36,984,27.5,66.3
2026-03-20T10:09:38,983,27.5,66.3
2026-03-20T10:09:41,985,27.5,66.3
2026-03-20T10:09:49,986,27.5,66.3
2026-03-20T10:09:51,270,27.5,66.3
2026-03-20T10:09:54,326,27.5,66.3
2026-03-20T10:09:57,357,27.5,66.3
2026-03-20T10:10:02,437,27.5,66.3
2026-03-20T10:10:05,440,27.5,66.3
2026-03-20T10:12:16,425,0.0,0.0
2026-03-20T10:12:21,423,0.0,0.0
2026-03-20T10:12:24,424,0.0,0.0
2026-03-20T10:12:27,423,0.0,0.0
2026-03-20T10:12:29,416,0.0,0.0
2026-03-20T10:12:33,408,0.0,0.0
2026-03-20T10:12:37,418,0.0,0.0
2026-03-20T10:12:40,424,0.0,0.0
2026-03-20T10:12:43,426,0.0,0.0
2026-03-20T10:12:45,534,0.0,0.0
2026-03-20T10:12:49,984,0.0,0.0
2026-03-20T10:12:53,341,0.0,0.0
2026-03-20T10:12:56,366,0.0,0.0
2026-03-20T10:12:59,419,0.0,0.0
2026-03-20T10:13:02,416,0.0,0.0
2026-03-20T10:13:06,367,0.0,0.0
2026-03-20T10:13:09,434,0.0,0.0
2026-03-20T10:13:12,440,0.0,0.0
2026-03-20T10:13:15,443,0.0,0.0
2026-03-20T10:13:20,338,0.0,0.0
2026-03-20T10:13:22,432,0.0,0.0
2026-03-20T10:13:25,435,0.0,0.0
2026-03-20T10:13:27,438,0.0,0.0
2026-03-20T10:13:33,441,0.0,0.0
2026-03-20T10:13:35,439,0.0,0.0
2026-03-20T10:13:41,440,0.0,0.0
2026-03-20T10:13:44,440,0.0,0.0
2026-03-20T10:13:51,441,0.0,0.0
2026-03-20T10:13:57,439,0.0,0.0
2026-03-20T10:14:02,442,0.0,0.0
2026-03-20T10:14:04,441,0.0,0.0
2026-03-20T10:14:07,440,0.0,0.0
2026-03-20T10:14:10,444,0.0,0.0
2026-03-20T10:14:15,452,0.0,0.0
2026-03-20T10:14:18,435,0.0,0.0
2026-03-20T10:14:23,434,0.0,0.0
2026-03-20T10:14:26,434,0.0,0.0
2026-03-20T10:14:31,433,0.0,0.0
2026-03-20T10:14:39,433,0.0,0.0
2026-03-20T10:14:46,432,0.0,0.0
2026-03-20T10:14:49,433,0.0,0.0
2026-03-20T10:14:52,432,0.0,0.0
2026-03-20T10:15:00,433,0.0,0.0
2026-03-20T10:15:05,432,0.0,0.0
2026-03-20T10:15:08,432,0.0,0.0
2026-03-20T10:15:13,433,0.0,0.0
2026-03-20T10:15:16,434,0.0,0.0
2026-03-20T10:15:18,441,0.0,0.0
2026-03-20T10:15:21,449,0.0,0.0
2026-03-20T10:15:26,551,27.6,66.1
2026-03-20T10:15:29,975,27.6,66.1
2026-03-20T10:15:32,1016,27.6,66.1
2026-03-20T10:15:37,1015,27.6,66.1
2026-03-20T10:15:40,967,27.7,66.1
2026-03-20T10:15:45,1016,27.7,66.0
2026-03-20T10:15:46,1013,27.7,66.0
2026-03-20T10:15:50,1013,27.7,65.9
2026-03-20T10:15:53,1013,27.7,65.8
2026-03-20T10:15:56,1013,27.7,65.8
2026-03-20T10:15:59,1013,27.7,65.8
2026-03-20T10:16:09,1012,27.7,65.7
2026-03-20T10:16:19,1014,27.7,65.8
2026-03-20T10:16:22,1012,27.7,65.8
2026-03-20T10:16:28,1012,27.7,65.8
2026-03-20T10:16:38,1012,27.7,65.9
2026-03-20T10:16:41,1012,27.7,65.9
2026-03-20T10:18:15,1012,27.7,65.8
2026-03-20T10:18:20,1014,27.7,65.8
2026-03-20T10:18:23,1013,27.7,65.8
2026-03-20T10:43:00,353,28.0,62.8
2026-03-20T10:43:03,474,28.0,62.9
2026-03-20T10:43:06,482,28.0,62.8
2026-03-20T10:43:10,485,28.0,62.8
2026-03-20T10:43:13,487,28.0,62.8
2026-03-20T10:43:15,841,28.0,62.8
2026-03-20T10:43:18,845,28.0,62.8
2026-03-20T10:50:05,380,28.0,63.1
2026-03-20T10:50:09,380,28.0,63.2
2026-03-20T10:50:15,380,28.0,63.2
2026-03-20T10:50:17,380,28.0,63.3
2026-03-20T10:50:21,381,28.0,63.3
2026-03-20T10:50:24,381,28.0,63.2
2026-03-20T10:50:27,381,28.0,63.2
2026-03-20T10:50:30,381,28.0,63.2
2026-03-20T10:50:36,379,28.0,63.2
2026-03-20T10:50:39,383,28.0,63.2
2026-03-20T10:50:43,381,28.0,63.3
2026-03-20T10:50:45,381,28.0,63.2
2026-03-20T10:50:49,381,28.0,63.2
2026-03-20T10:50:52,380,28.0,63.2
2026-03-20T10:50:55,380,28.0,63.2
2026-03-20T10:50:58,380,28.1,63.2
2026-03-20T10:51:02,381,28.1,63.1
2026-03-20T10:51:05,381,28.1,63.1
2026-03-20T10:51:08,381,28.1,63.1
2026-03-20T10:51:11,381,28.1,63.1
2026-03-20T10:51:14,382,28.1,63.1
2026-03-20T10:51:18,382,28.1,63.0
2026-03-20T10:51:21,381,28.1,63.0
2026-03-20T10:51:24,381,28.1,63.0
2026-03-20T10:51:27,381,28.1,63.1
2026-03-20T10:51:31,382,28.1,63.1
2026-03-20T10:51:34,382,28.1,63.0
2026-03-20T10:51:37,382,28.1,63.0
2026-03-20T10:51:43,381,28.1,63.0
2026-03-20T10:51:46,382,28.1,63.0
2026-03-20T10:51:50,382,28.1,63.1
2026-03-20T10:51:53,381,28.1,63.0
2026-03-20T10:51:56,381,28.1,63.0
2026-03-20T10:51:59,381,28.1,63.1
2026-03-20T10:52:02,381,28.1,63.0
2026-03-20T10:52:06,381,28.1,63.0
2026-03-20T10:52:15,381,28.1,62.9
2026-03-20T10:52:22,380,28.1,63.1
2026-03-20T10:52:25,381,28.1,63.1
2026-03-20T10:52:31,381,28.1,63.1
2026-03-20T10:52:34,380,28.0,63.2
2026-03-20T10:52:38,379,28.1,63.1
2026-03-25T22:42:42,1012,29.5,48.3
2026-03-25T22:42:45,1011,29.5,48.3
2026-03-25T22:42:52,1012,29.6,48.2
2026-03-25T22:42:55,1011,29.5,48.1
2026-03-25T22:42:57,1012,29.5,48.1
2026-03-25T22:43:00,1012,29.6,48.1
2026-03-25T22:43:03,1012,29.6,48.0
2026-03-25T22:43:08,1012,29.5,48.1
2026-03-26T19:15:36,990,31.0,41.4
2026-03-26T19:15:37,990,31.0,41.5
2026-03-26T19:15:40,990,31.0,41.4
2026-03-26T19:15:43,989,31.1,41.5
2026-03-26T19:15:48,988,31.0,41.5
2026-03-26T19:15:53,990,31.0,41.3
2026-03-26T19:15:56,924,31.0,41.2
2026-03-26T19:15:59,965,31.0,41.6
2026-03-26T19:16:02,968,31.0,41.5
2026-03-26T19:16:05,931,31.0,41.3
2026-03-26T19:16:08,940,31.0,41.4
2026-03-26T19:16:12,940,31.0,41.2
2026-03-26T19:16:15,892,31.0,41.3
2026-03-26T19:16:19,927,31.1,42.0
2026-03-26T19:16:22,914,31.0,41.8
2026-03-26T19:16:25,915,31.0,41.6
2026-03-26T19:16:29,913,31.0,41.5
2026-03-26T19:16:32,910,31.1,41.4
2026-03-26T19:16:33,915,31.1,41.4
2026-03-26T19:16:36,918,31.0,41.5
2026-03-26T19:16:39,924,31.0,41.3
2026-03-26T19:16:42,923,31.0,41.3
2026-03-26T19:16:47,924,31.0,41.4
2026-03-26T19:16:49,925,31.0,41.3
2026-03-26T19:16:52,925,31.0,41.4
2026-03-26T19:16:55,924,31.0,41.3
2026-03-26T19:16:58,923,31.0,41.4
2026-03-26T19:17:04,923,31.0,41.4
2026-03-26T19:17:07,872,31.0,41.3
2026-03-26T19:17:11,960,31.0,41.4
2026-03-26T19:17:14,965,31.0,41.7
2026-03-26T19:17:17,1004,31.0,41.5
2026-03-26T19:17:20,988,31.0,41.5
2026-03-26T19:17:24,756,31.0,41.5
2026-03-26T19:17:27,750,31.0,41.4
2026-03-26T19:17:33,748,31.0,41.3
2026-03-26T19:17:36,754,31.0,41.4
2026-03-26T19:17:39,755,31.0,41.5
2026-03-26T19:17:43,756,31.0,41.4
2026-03-26T19:17:46,758,31.0,41.4
2026-03-26T19:17:47,757,31.0,41.5
2026-03-26T19:17:50,759,31.0,41.5
2026-03-26T19:17:53,757,31.0,41.5
2026-03-26T19:17:58,760,30.9,41.5
2026-03-26T19:18:01,756,30.9,41.4
2026-03-26T19:18:04,756,31.0,41.5
2026-03-26T19:18:07,757,31.0,41.5
2026-03-26T19:18:14,759,30.9,41.5
2026-03-26T19:18:17,793,30.9,41.6
2026-03-26T19:18:20,794,31.0,41.6
2026-03-26T19:18:23,796,30.9,41.6
2026-03-26T19:18:24,796,30.9,41.6
2026-03-26T19:18:27,797,30.9,41.6
2026-03-26T19:18:32,798,31.0,41.6
2026-03-26T19:18:33,799,31.0,41.6
2026-03-26T19:18:38,801,31.0,41.6
2026-03-26T19:18:41,801,31.0,41.7
2026-03-26T19:18:45,802,30.9,41.7
2026-03-26T19:18:48,803,31.0,41.7
2026-03-26T19:18:54,804,31.0,41.7
2026-03-26T19:18:57,804,31.0,41.6
2026-03-26T19:19:03,805,31.0,41.7
2026-03-26T19:19:06,806,31.0,41.6
2026-03-26T19:19:12,807,30.9,41.7
2026-03-26T19:19:15,808,30.9,41.7
2026-03-26T19:19:17,808,31.0,41.7
2026-03-26T19:23:46,809,31.0,41.7
2026-03-26T19:23:46,810,30.9,41.7
2026-03-26T19:23:46,810,31.0,41.7
2026-03-26T19:23:46,811,31.0,41.6
2026-03-26T19:23:46,811,31.0,41.7
2026-03-26T19:23:46,811,31.0,41.7
2026-03-26T19:23:46,812,31.0,41.7
2026-03-26T19:23:46,812,31.0,41.7
2026-03-26T19:23:46,813,31.0,41.8
2026-03-26T19:23:46,813,31.0,41.7
2026-03-26T19:23:46,814,31.0,41.8
2026-03-26T19:23:46,814,31.0,41.8
2026-03-26T19:23:46,814,31.0,41.7
2026-03-26T19:23:46,815,31.0,41.8
2026-03-26T19:23:46,815,31.0,41.9
2026-03-26T19:23:47,815,31.0,41.7
2026-03-26T19:23:47,816,31.0,41.7
2026-03-26T19:23:47,816,31.0,41.7
2026-03-26T19:23:47,817,31.0,41.8
2026-03-26T19:23:47,817,31.0,41.9
2026-03-26T19:23:47,816,31.0,41.7
2026-03-26T19:23:47,817,31.0,41.9
2026-03-26T19:23:47,818,31.0,41.8
2026-03-26T19:23:47,817,31.0,41.7
2026-03-26T19:23:47,818,31.0,41.7
2026-03-26T19:23:47,817,31.0,41.8
2026-04-06T23:11:45,1015,29.1,69.1
2026-04-06T23:11:48,1014,29.1,69.0
2026-04-06T23:11:50,1015,29.1,69.1
2026-04-06T23:12:01,1014,29.1,69.1
2026-04-06T23:12:03,1015,29.1,69.2
2026-04-06T23:12:10,1015,29.1,69.3
2026-04-06T23:12:13,1015,29.0,69.3
2026-04-06T23:12:15,1014,29.0,69.3
2026-04-06T23:12:23,1014,29.1,69.3
2026-04-06T23:12:25,1015,29.0,69.2
2026-04-06T23:12:28,1014,29.1,69.2
2026-04-06T23:12:30,1014,29.0,69.3
2026-04-06T23:12:35,1015,29.1,69.2
2026-04-06T23:12:38,1014,29.0,69.2
2026-04-06T23:12:40,1015,29.0,69.2
2026-04-06T23:12:43,1015,29.1,69.2
2026-04-06T23:12:48,1015,29.0,69.1
2026-04-06T23:12:50,1015,29.0,69.2
2026-04-06T23:12:53,1015,29.0,69.1
2026-04-06T23:12:55,1014,29.0,69.2
2026-04-06T23:12:58,1015,29.0,69.2
2026-04-06T23:13:05,1014,29.0,69.3
2026-04-06T23:13:10,1014,29.0,69.2
2026-04-06T23:13:15,1015,29.0,69.3
2026-04-06T23:13:18,1015,29.0,69.4
2026-04-06T23:13:20,1015,29.0,69.3
2026-04-06T23:13:23,1014,29.0,69.4
2026-04-06T23:13:27,1015,29.0,69.4
2026-04-06T23:13:30,1015,29.0,69.3
2026-04-06T23:13:32,1014,29.0,69.4
2026-04-06T23:13:42,1015,29.0,69.4
2026-04-06T23:13:45,1014,29.0,69.4
2026-04-06T23:13:58,1015,29.0,69.3
2026-04-06T23:14:00,1015,29.0,69.4
2026-04-06T23:14:03,1014,29.0,69.3
2026-04-06T23:14:05,1014,29.0,69.4
2026-04-06T23:14:13,1015,29.0,69.4
2026-04-06T23:14:18,1014,29.1,69.3
2026-04-06T23:14:23,1015,29.1,69.3
2026-04-06T23:14:28,1015,29.0,69.3
2026-04-06T23:14:30,1014,29.1,69.3
2026-04-06T23:14:33,1014,29.0,69.3
2026-04-06T23:14:38,1014,29.1,69.2
2026-04-06T23:14:40,1014,29.1,69.1
2026-04-06T23:14:45,1015,29.1,69.1
2026-04-06T23:14:53,1014,29.1,69.0
2026-04-06T23:15:05,1014,29.1,69.1
2026-04-06T23:15:08,1014,29.1,69.0
2026-04-06T23:15:10,1015,29.1,69.1
2026-04-06T23:15:13,1014,29.1,69.1
2026-04-06T23:15:18,1014,29.1,69.0
2026-04-06T23:15:23,1014,29.1,69.1
2026-04-06T23:15:25,1015,29.1,69.1
2026-04-06T23:15:30,1014,29.1,69.0
2026-04-06T23:15:33,1014,29.1,69.1
2026-04-06T23:15:35,1014,29.1,69.0
2026-04-06T23:15:38,1016,29.1,69.2
2026-04-06T23:15:41,1014,29.1,69.2
2026-04-06T23:15:51,1014,29.1,69.1
2026-04-06T23:16:01,1015,29.1,69.1
2026-04-06T23:16:03,1014,29.1,69.1
2026-04-06T23:17:24,1005,29.2,68.8
2026-04-06T23:17:27,1005,29.2,68.7
2026-04-06T23:17:29,1005,29.2,68.8
2026-04-06T23:17:32,1004,29.2,68.7
2026-04-06T23:17:37,1004,29.3,68.7
2026-04-06T23:17:39,1004,29.3,68.8
2026-04-06T23:17:45,1004,29.3,68.7
2026-04-06T23:17:52,1004,29.3,68.6
2026-04-06T23:17:55,1004,29.2,68.6
2026-04-06T23:17:57,1003,29.3,68.6
2026-04-06T23:18:00,1004,29.2,68.6
2026-04-06T23:18:02,1003,29.3,68.5
2026-04-06T23:18:08,1005,29.3,68.5
2026-04-06T23:18:10,1004,29.3,68.5
2026-04-06T23:18:13,1003,29.3,68.5
2026-04-06T23:18:15,1003,29.3,68.4
2026-04-06T23:18:25,1002,29.3,68.4
2026-04-06T23:18:28,1003,29.3,68.4
2026-04-06T23:18:33,1002,29.3,68.4
2026-04-06T23:18:38,1002,29.3,68.5
2026-04-06T23:18:40,1002,29.2,68.4
2026-04-06T23:18:43,1002,29.3,68.4
2026-04-06T23:18:45,1001,29.3,68.3
2026-04-06T23:18:50,1001,29.3,68.4
2026-04-06T23:18:53,1001,29.2,68.3
2026-04-06T23:18:55,1000,29.2,68.4
2026-04-06T23:18:58,1000,29.2,68.3
2026-04-06T23:19:01,1000,29.2,68.4
2026-04-06T23:19:06,1001,29.2,68.5
2026-04-06T23:19:11,1001,29.2,68.6
2026-04-06T23:19:13,1000,29.2,68.6
2026-04-06T23:19:18,1000,29.1,68.7
2026-04-08T22:08:08,953,30.7,49.7
2026-04-08T22:08:10,953,30.8,49.7
2026-04-08T22:08:13,748,30.8,49.6
2026-04-08T22:08:18,585,30.8,49.6
2026-04-08T22:08:21,500,30.8,49.6
2026-04-08T22:08:24,447,30.8,49.6
2026-04-08T22:08:26,410,30.8,49.7
2026-04-08T22:08:29,394,30.8,49.7
2026-04-08T22:08:32,382,30.8,49.8
2026-04-08T22:08:34,382,30.8,49.7
2026-04-08T22:08:40,383,30.8,49.5
2026-04-08T22:08:42,387,30.8,49.5
2026-04-08T22:08:45,390,30.8,49.7
2026-04-08T22:08:47,393,30.8,49.5
2026-04-08T22:08:50,396,30.8,49.5
2026-04-08T22:08:53,399,30.8,49.6
2026-04-08T22:08:58,405,30.8,49.6
2026-04-08T22:09:01,411,30.8,49.7
2026-04-08T22:09:04,417,30.9,49.7
2026-04-08T22:09:07,1017,30.9,49.5
2026-04-08T22:09:09,1007,30.9,49.5
2026-04-08T22:09:14,1023,30.9,49.5
2026-04-08T22:09:20,698,30.9,49.4
2026-04-08T22:09:22,700,30.9,49.5
2026-04-08T22:09:25,727,30.9,49.5
2026-04-08T22:09:27,1013,30.9,49.5
2026-04-08T22:09:30,1010,30.9,49.5
2026-04-08T22:09:33,1008,30.9,49.5
2026-04-08T22:09:38,1007,30.9,49.4
2026-04-08T22:09:40,1005,30.9,49.4
2026-04-08T22:09:43,1006,30.9,49.4
2026-04-08T22:09:46,1007,30.9,49.4
2026-04-08T22:09:48,1015,30.9,49.4
2026-04-08T22:09:51,1008,30.9,49.3
2026-04-08T22:09:56,1007,30.9,49.3
2026-04-08T22:10:02,1005,30.9,49.5
2026-04-08T22:10:04,1007,30.9,49.4
2026-04-08T22:10:07,821,30.9,49.4
2026-04-08T22:10:12,1019,30.9,49.4
2026-04-08T22:10:15,1019,31.0,49.4
2026-04-08T22:10:17,1009,30.9,49.4
2026-04-08T22:10:20,1008,30.9,49.5
2026-04-08T22:10:22,1007,30.9,49.4
2026-04-08T22:10:25,1008,30.9,49.4
2026-04-08T22:10:28,1007,30.9,49.4
2026-04-08T22:10:31,1008,30.9,49.3
2026-04-08T22:10:34,1007,30.9,49.4
2026-04-08T22:10:40,1007,30.9,49.5
2026-04-08T22:10:42,1008,30.9,49.4
2026-04-08T22:10:46,1009,30.9,49.4
2026-04-08T22:10:48,1008,30.9,49.3
2026-04-08T22:10:51,1008,30.9,49.4
2026-04-08T22:10:54,1010,30.9,49.4
2026-04-08T22:10:56,1008,30.9,49.4
2026-04-08T22:10:59,1009,30.9,49.3
2026-04-08T22:11:04,1008,30.9,49.3
2026-04-08T22:11:07,1008,31.0,49.3
2026-04-08T22:11:09,1008,31.0,49.4
2026-04-08T22:11:12,1009,31.0,49.4
2026-04-08T22:11:15,1008,30.9,49.3
2026-04-08T22:11:17,1008,31.0,49.4
2026-04-08T22:11:20,1009,30.9,49.3
2026-04-08T22:11:25,1008,31.0,49.2
2026-04-08T22:11:28,1009,31.0,49.4
2026-04-08T22:11:31,1008,31.0,49.3
2026-04-08T22:11:34,1008,31.0,49.4
2026-04-08T22:11:37,1008,31.0,49.3
2026-04-08T22:11:39,1008,31.0,49.4
2026-04-08T22:11:46,1009,31.0,49.3
2026-04-08T22:11:49,1008,31.0,49.3
2026-04-08T22:11:51,1010,31.0,49.3
2026-04-08T22:11:55,1011,31.0,49.3
2026-04-08T22:11:58,1009,31.0,49.3
2026-04-08T22:12:01,1008,31.0,49.3
2026-04-08T22:12:06,1010,31.0,49.2
2026-04-08T22:12:12,1009,31.0,49.3
2026-04-08T22:12:17,1008,31.0,49.2
2026-04-08T22:12:38,1008,31.0,49.3
2026-04-08T22:12:40,1009,31.0,49.2
2026-04-08T22:12:43,1008,31.0,49.2
2026-04-08T22:12:48,1009,31.0,49.2
2026-04-08T22:12:51,1008,31.0,49.2
2026-04-08T22:12:53,1010,31.0,49.2
2026-04-08T22:12:56,1008,31.0,49.2
2026-04-08T22:12:59,1010,31.0,49.1
2026-04-08T22:13:01,1008,31.0,49.3
2026-04-08T22:13:07,1008,31.0,49.2
2026-04-08T22:13:09,1010,31.0,49.3
2026-04-08T22:13:12,1008,31.0,49.2
2026-04-08T22:13:25,1009,31.0,49.2
2026-04-08T22:13:28,1008,31.0,49.1
2026-04-08T22:13:31,1009,31.0,49.2
2026-04-08T22:13:36,1008,31.0,49.2
2026-04-08T22:13:39,1010,31.0,49.2
2026-04-08T22:13:42,1008,31.0,49.2
2026-04-08T22:13:44,1008,31.0,49.1
2026-04-08T22:13:49,1009,31.0,49.2
2026-04-08T22:13:52,1008,31.0,49.2
2026-04-08T22:13:55,1007,31.0,49.1
2026-04-08T22:13:57,1008,31.0,49.1
2026-04-08T22:14:00,1009,31.0,49.1
2026-04-08T22:14:03,1008,31.0,49.1
2026-04-08T22:14:06,1009,31.0,49.1
2026-04-08T22:14:12,1008,31.0,49.1
2026-04-08T22:14:17,1009,31.0,49.1
2026-04-08T22:14:20,1008,31.0,49.1
2026-04-08T22:14:23,1009,31.0,49.1
2026-04-08T22:14:26,1008,31.0,49.1
2026-04-08T22:14:31,1008,31.0,49.2
2026-04-08T22:14:41,1009,31.0,49.1
2026-04-08T22:14:44,1008,31.0,49.1
2026-04-08T22:14:47,1008,31.0,49.2
2026-04-08T22:14:52,1008,31.0,49.3
2026-04-08T22:14:57,1008,31.0,49.2
2026-04-08T22:15:02,1009,31.0,49.2
2026-04-08T22:15:05,1008,31.0,49.2
2026-04-08T22:15:19,965,31.0,49.1
2026-04-08T22:15:22,991,31.0,49.1
2026-04-08T22:15:24,1023,31.0,49.1
2026-04-08T22:15:32,1023,0.0,0.0
2026-04-08T22:15:35,1021,31.0,49.1
2026-04-08T22:15:38,838,31.0,49.1
2026-04-08T22:15:40,644,31.0,49.2
2026-04-08T22:15:43,528,31.0,49.1
2026-04-08T22:15:49,457,31.0,49.0
2026-04-08T22:15:51,404,31.0,49.0
2026-04-08T22:15:54,375,31.0,49.0
2026-04-08T22:15:56,1016,31.0,49.0
2026-04-08T22:15:59,814,31.0,49.0
2026-04-08T22:16:02,628,31.0,49.0
2026-04-08T22:16:07,514,31.0,49.0
2026-04-08T22:16:10,441,31.0,49.0
2026-04-08T22:16:12,396,31.0,49.0
2026-04-08T22:16:15,990,30.9,49.1
2026-04-08T22:16:18,862,31.0,49.0
2026-04-08T22:16:20,383,31.0,49.0
2026-04-08T22:16:23,1009,30.9,49.0
2026-04-08T22:16:28,1007,31.0,49.0
2026-04-08T22:16:31,1007,31.0,48.9
2026-04-08T22:16:34,1003,30.9,48.8
2026-04-08T22:16:37,629,31.0,48.9
2026-04-08T22:16:40,382,30.9,48.9
2026-04-08T22:16:43,419,30.9,48.8
2026-04-08T22:16:46,427,30.9,48.9
2026-04-08T22:16:49,428,30.9,48.8
2026-04-08T22:16:52,997,30.9,48.9
2026-04-08T22:16:54,995,30.9,48.7
2026-04-08T22:16:57,620,30.9,48.8
2026-04-08T22:17:00,618,30.9,48.8
2026-04-08T22:17:03,612,30.9,48.8
2026-04-08T22:17:08,610,30.9,48.7
2026-04-08T22:17:11,608,30.9,48.7
2026-04-08T22:17:14,605,30.9,48.7
2026-04-08T22:17:16,601,30.9,48.6
2026-04-08T22:17:19,597,30.9,48.7
2026-04-08T22:17:22,596,30.9,48.7
2026-04-08T22:17:24,595,30.9,48.8
2026-04-08T22:17:29,594,30.9,48.7
2026-04-08T22:17:32,593,30.9,48.8
2026-04-08T22:17:35,592,30.9,48.7
2026-04-08T22:17:38,592,30.9,48.8
2026-04-08T22:17:41,591,30.9,48.8
2026-04-08T22:17:44,586,30.9,48.8
2026-04-08T22:17:47,588,30.8,48.9
2026-04-08T22:17:50,587,30.9,48.8
2026-04-08T22:17:53,586,30.9,48.8
2026-04-08T22:17:55,585,30.8,48.8
2026-04-08T22:17:58,583,30.8,48.8
2026-04-08T22:18:03,583,30.8,48.9
2026-04-08T22:18:06,582,30.9,48.8
2026-04-08T22:18:08,581,30.9,48.8
2026-04-08T22:18:11,1000,30.9,48.8
2026-04-08T22:18:14,1006,30.8,48.8
2026-04-08T22:18:16,1005,30.8,48.9
2026-04-08T22:18:21,1006,30.8,48.9
2026-04-08T22:18:29,421,30.8,48.9
2026-04-08T22:18:32,440,30.8,48.9
2026-04-08T22:18:37,481,30.8,49.0
2026-04-08T22:18:40,484,30.8,48.9
2026-04-08T22:18:42,486,30.8,48.9
2026-04-08T22:18:45,488,30.8,48.9
2026-04-08T22:18:48,497,30.8,48.9
2026-04-08T22:18:50,497,30.8,49.0
2026-04-08T22:18:55,498,30.8,49.0
2026-04-08T22:19:01,497,30.8,48.9
2026-04-08T22:19:03,497,30.8,49.0
2026-04-08T22:19:06,496,30.8,49.0
2026-04-08T22:19:09,497,30.8,49.1
2026-04-08T22:19:12,497,30.8,48.9
2026-04-08T22:19:15,496,30.8,48.9
2026-04-08T22:19:23,497,30.8,49.0
2026-04-08T22:19:24,496,30.8,48.9
2026-04-08T22:19:32,497,30.8,49.0
2026-04-08T22:19:35,496,30.8,49.0
2026-04-08T22:19:38,497,30.8,49.0
2026-04-08T22:19:40,495,30.8,49.0
2026-04-08T22:19:46,495,30.8,48.9
2026-04-08T22:19:49,495,30.8,49.0
2026-04-08T22:19:54,495,30.8,48.9
2026-04-08T22:19:56,494,30.8,48.9
2026-04-08T22:20:02,493,30.8,49.0
2026-04-08T22:20:04,494,30.8,49.0
2026-04-08T22:20:07,493,30.8,49.0
2026-04-08T22:20:10,493,30.8,48.9
2026-04-08T22:20:18,492,30.8,49.0
2026-04-08T22:20:21,491,30.8,48.9
2026-04-08T22:20:24,492,30.8,49.0
2026-04-08T22:20:26,493,30.8,49.0
2026-04-08T22:20:29,492,30.8,49.0
2026-04-08T22:20:32,491,30.8,49.0
2026-04-08T22:20:37,492,30.8,49.0
2026-04-08T22:20:39,491,30.8,49.0
2026-04-08T22:20:42,491,30.7,48.9
2026-04-08T22:20:45,491,30.8,48.9
2026-04-08T22:20:48,490,30.8,49.0
2026-04-08T22:20:51,498,30.7,49.1
2026-04-09T10:51:45,1004,30.7,52.3
2026-04-09T10:51:48,1009,30.7,53.8
2026-04-09T10:51:51,1005,30.7,53.5
2026-04-09T10:51:54,1005,30.7,52.0
2026-04-09T10:51:57,1001,30.7,51.9
2026-04-09T10:52:00,581,30.7,51.8
2026-04-09T10:52:04,532,30.7,51.6
2026-04-09T10:52:07,557,30.7,51.5
2026-04-09T10:52:10,566,30.7,51.7
2026-04-09T10:52:13,571,30.7,51.7
2026-04-09T10:52:16,572,30.7,51.7
2026-04-09T10:52:19,794,30.7,51.7
2026-04-09T10:52:22,867,30.7,51.7
2026-04-09T10:52:26,633,30.7,51.7
2026-04-09T10:52:29,661,30.7,51.6
2026-04-09T10:52:32,536,30.7,51.6
2026-04-09T10:52:36,664,30.7,51.6
2026-04-09T10:52:39,1004,30.7,51.5
2026-04-09T10:52:45,1004,30.7,51.4
2026-04-09T10:52:49,712,30.7,51.5
2026-04-09T10:52:52,534,30.7,51.2
2026-04-09T10:52:55,500,30.7,51.1
2026-04-09T10:52:57,1005,30.7,51.2
2026-04-09T10:53:00,1005,30.7,51.1
2026-04-09T10:53:03,810,30.7,51.1
2026-04-09T10:53:05,827,30.7,50.9
2026-04-09T10:53:08,1004,30.7,50.9
2026-04-09T10:53:12,1005,30.7,51.0
2026-04-09T10:53:15,1004,30.7,50.7
2026-04-09T10:53:19,989,30.7,50.7
2026-04-09T10:53:22,1004,30.7,50.8
2026-04-09T10:53:25,1005,30.7,50.8
2026-04-09T10:53:28,622,30.7,50.7
2026-04-09T10:53:31,655,30.7,50.7
2026-04-09T10:53:34,657,30.7,50.9
2026-04-09T10:53:37,658,30.7,51.0
2026-04-09T10:53:41,660,30.7,51.0
2026-04-09T10:53:44,659,30.7,51.0
2026-04-09T10:53:47,658,30.7,50.9
2026-04-09T10:53:51,656,30.7,50.8
2026-04-09T10:53:54,655,30.7,50.8
2026-04-09T10:54:00,653,30.7,50.9
2026-04-09T10:54:03,652,30.7,50.9
2026-04-09T10:54:06,653,30.7,51.0
2026-04-09T10:54:09,649,30.7,51.2
2026-04-09T10:54:12,649,30.7,51.0
2026-04-09T10:54:15,655,30.7,50.9
2026-04-09T10:54:18,656,30.7,50.9
2026-04-09T10:54:21,646,30.7,50.9
2026-04-09T10:54:24,648,30.7,51.2
2026-04-09T10:54:27,645,30.7,51.2
2026-04-09T10:54:30,643,30.7,51.2
2026-04-09T10:54:33,653,30.7,51.1
2026-04-09T10:55:19,630,30.6,52.2
2026-04-09T10:55:21,627,30.6,52.2
2026-04-09T10:55:24,678,30.7,52.3
2026-04-09T10:55:29,663,30.6,52.2
2026-04-09T10:55:32,671,30.7,52.2
2026-04-09T10:55:34,681,30.6,52.1
2026-04-09T10:55:37,657,30.6,52.0
2026-04-09T10:55:39,676,30.6,52.3
2026-04-09T10:55:42,663,30.6,52.6
2026-04-09T10:55:47,642,30.6,53.0
2026-04-09T10:55:50,656,30.6,53.4
2026-04-09T10:55:53,657,30.6,52.9
2026-04-09T10:55:55,622,30.6,52.8
2026-04-09T10:56:03,625,30.6,53.0
2026-04-09T10:56:21,651,30.5,52.4
2026-04-09T10:56:23,651,30.5,53.1
2026-04-09T10:57:17,632,30.4,52.5
2026-04-09T10:58:20,677,30.4,53.3
2026-04-09T10:58:25,676,30.3,53.5
2026-04-09T10:58:27,675,30.3,53.4
2026-04-09T10:58:31,675,30.4,53.3
2026-04-09T10:58:33,676,30.3,53.2
2026-04-09T10:58:37,676,30.3,53.3
2026-04-09T10:58:42,677,30.3,53.2
2026-04-09T10:58:42,677,30.3,53.3
2026-04-09T10:58:47,677,30.3,53.2
2026-04-09T10:58:51,678,30.4,53.2
2026-04-09T10:58:52,678,30.3,53.2
2026-04-09T10:58:54,649,30.3,53.5
2026-04-09T10:59:02,654,30.3,53.6
2026-04-09T10:59:02,646,30.3,53.7
2026-04-09T10:59:07,945,30.3,53.4
2026-04-09T10:59:07,460,30.3,53.3
2026-04-09T10:59:11,466,30.3,53.2
2026-04-09T10:59:14,963,30.3,53.3
2026-04-09T10:59:16,535,30.3,53.3
2026-04-09T10:59:20,570,30.3,53.4
2026-04-09T10:59:24,571,30.3,53.2
2026-04-09T10:59:25,465,30.3,53.3
2026-04-09T10:59:29,530,30.3,53.4
2026-04-09T10:59:32,533,30.3,53.4
2026-04-09T10:59:36,492,30.3,53.6
2026-04-09T10:59:39,498,30.3,53.4
2026-04-09T10:59:41,502,30.3,54.7
2026-04-09T10:59:45,994,30.3,55.2
2026-04-09T10:59:48,761,30.3,54.5
2026-04-09T10:59:52,814,30.3,54.2
2026-04-09T10:59:54,756,30.3,53.6
2026-04-09T10:59:58,675,30.3,53.4
2026-04-09T11:00:01,695,30.3,53.3
2026-04-09T11:00:04,700,30.3,53.4
2026-04-09T11:00:07,705,30.3,54.3
2026-04-09T11:00:11,706,30.3,53.9
2026-04-09T11:00:13,720,30.3,53.7
2026-04-09T11:00:16,700,30.3,54.6
2026-04-09T11:07:04,690,30.3,53.1
2026-04-09T11:07:08,829,30.3,53.5
2026-04-09T11:07:11,347,30.3,53.8
2026-04-09T11:07:16,303,30.3,53.8
2026-04-09T11:07:20,278,30.3,53.1
2026-04-09T11:07:21,262,30.3,52.8
2026-04-09T11:07:25,251,30.3,52.8
2026-04-09T11:07:30,244,30.3,52.8
2026-04-09T11:07:30,241,30.3,52.9
2026-04-09T11:07:34,239,30.3,53.0
2026-04-09T11:07:39,237,30.3,53.2
2026-04-09T11:07:39,235,30.3,53.3
2026-04-09T11:07:43,456,30.4,53.3
2026-04-09T11:07:47,505,30.3,53.3
2026-04-09T11:07:48,506,30.3,53.2
2026-04-09T11:07:52,506,30.4,53.5
2026-04-09T11:07:56,452,30.4,53.4
2026-04-09T11:07:56,449,30.4,53.3
2026-04-09T11:08:01,503,30.4,53.3
2026-04-09T11:08:05,503,30.4,53.1
2026-04-09T11:08:05,504,30.4,53.2
2026-04-09T11:08:10,504,30.4,53.2
2026-04-09T11:08:14,504,30.4,53.1
2026-04-09T11:08:14,508,30.4,53.1
2026-04-09T11:08:18,486,30.4,53.0
2026-04-09T11:08:23,511,30.4,53.1
2026-04-09T11:08:26,508,30.4,53.1
2026-04-09T11:08:28,509,30.4,53.1
2026-04-09T11:08:34,509,30.4,53.2
2026-04-09T11:08:38,510,30.4,53.2
2026-04-09T11:08:43,509,30.4,53.0
2026-04-09T11:08:45,509,30.4,52.9
2026-04-09T11:08:49,510,30.4,52.9
2026-04-09T11:08:53,509,30.4,52.8
2026-04-09T11:08:58,510,30.4,53.0
2026-04-09T11:09:01,510,30.4,53.0
2026-04-09T11:09:04,510,30.4,52.9
2026-04-09T11:09:08,509,30.4,52.9
2026-04-09T11:09:10,613,30.4,52.9
2026-04-09T11:09:14,465,30.4,53.0
2026-04-09T11:09:16,462,30.4,53.0
2026-04-09T11:09:20,465,30.4,53.0
2026-04-09T11:09:24,468,30.3,53.1
2026-04-09T11:09:26,472,30.4,53.3
2026-04-09T11:09:28,477,30.4,53.2
2026-04-09T11:09:32,477,30.3,53.2
2026-04-09T11:09:36,478,30.3,53.2
2026-04-09T11:09:40,478,30.4,53.2
2026-04-09T11:09:41,479,30.4,53.1
2026-04-09T11:09:43,480,30.4,53.1
2026-04-09T11:09:47,479,30.4,53.2
2026-04-09T11:09:51,477,30.3,53.3
2026-04-09T11:09:55,476,30.4,53.3
2026-04-09T11:09:56,477,30.4,53.3
2026-04-09T11:09:59,476,30.4,53.2
2026-04-09T11:10:03,475,30.4,53.3
2026-04-09T11:10:07,476,30.4,53.3
2026-04-09T11:10:08,476,30.4,53.3
2026-04-09T11:10:12,476,30.4,53.2
2026-04-09T11:10:14,476,30.4,53.4
2026-04-09T11:10:18,477,30.3,53.4
2026-04-09T11:10:22,476,30.4,53.5
2026-04-09T11:10:23,476,30.4,53.5
2026-04-09T11:10:30,476,30.4,53.4
2026-04-09T11:10:34,476,30.3,53.4
2026-04-09T11:10:37,477,30.4,53.4
2026-04-09T11:10:39,476,30.4,53.4
2026-04-09T11:10:42,477,30.4,53.4
2026-04-09T11:10:45,476,30.4,53.5
2026-04-09T11:10:49,477,30.4,53.4
2026-04-09T11:10:52,477,30.4,53.3
2026-04-09T11:10:56,476,30.4,53.3
2026-04-09T11:10:57,478,30.4,53.3
2026-04-09T11:11:00,478,30.4,53.2
2026-04-09T11:11:04,478,30.4,53.3
2026-04-09T11:11:06,478,30.4,53.2
2026-04-09T11:11:10,478,30.4,53.3
2026-04-09T11:11:16,483,30.4,53.3
2026-04-09T11:11:19,484,30.3,53.4
2026-04-09T11:11:22,480,30.4,53.3
2026-04-09T11:11:26,484,30.4,53.2
2026-04-09T11:11:32,483,30.4,53.3
2026-04-09T11:11:35,484,30.3,53.2
2026-04-09T11:11:38,484,30.4,53.2
2026-04-09T11:11:42,485,30.4,53.2
2026-04-09T11:11:43,484,30.4,53.3
2026-04-09T11:11:46,484,30.3,53.3
2026-04-09T11:11:50,484,30.4,53.4
2026-04-09T11:11:53,484,30.4,53.5
2026-04-09T11:11:55,924,30.4,53.4
2026-04-09T11:11:59,922,30.3,53.4
2026-04-09T11:12:02,416,30.4,53.3
2026-04-09T11:12:06,441,30.4,53.3
2026-04-09T11:12:09,465,30.3,53.3
2026-04-09T11:12:12,651,30.3,53.2
2026-04-09T11:12:15,475,30.4,53.2
2026-04-09T11:12:17,476,30.4,53.1
2026-04-09T11:12:20,475,30.4,53.3
2026-04-09T11:12:23,477,30.4,53.2
2026-04-09T11:12:26,476,30.4,53.3
2026-04-09T11:12:29,476,30.3,53.3
2026-04-09T11:12:32,476,30.3,53.4
2026-04-09T11:12:37,476,30.4,53.4
2026-04-09T11:12:40,476,30.4,53.3
2026-04-09T11:12:45,476,30.4,53.2
2026-04-09T11:12:48,476,30.4,53.4
2026-04-09T11:12:51,476,30.4,53.5
2026-04-09T11:12:54,476,30.4,53.2
2026-04-09T11:12:58,476,30.4,53.2
2026-04-09T11:13:03,476,30.4,53.1
2026-04-09T11:13:06,476,30.4,53.0
2026-04-09T11:13:10,476,30.4,52.9
2026-04-09T11:13:14,476,30.4,52.8
2026-04-09T11:13:18,476,30.4,52.9
2026-04-09T11:13:18,476,30.4,52.8
2026-04-09T11:13:21,476,30.4,52.9
2026-04-09T11:13:26,476,30.4,53.1
2026-04-09T11:13:32,476,30.4,53.0
2026-04-09T11:13:34,475,30.4,52.9
2026-04-09T11:13:39,475,30.4,52.8
2026-04-09T11:13:45,475,30.4,52.9
2026-04-09T11:13:47,474,30.4,52.7
2026-04-09T11:13:55,648,30.4,52.9
2026-04-09T11:13:58,904,30.4,52.8
2026-04-09T11:14:03,917,30.4,52.9
2026-04-09T11:14:06,723,30.4,53.0
2026-04-09T11:14:08,889,30.5,52.9
2026-04-09T11:14:11,592,30.4,52.8
2026-04-09T11:14:14,608,30.4,52.9
2026-04-09T11:14:16,610,30.4,52.8
2026-04-09T11:14:22,609,30.4,52.9
2026-04-09T11:14:24,610,30.4,52.8
2026-04-09T11:14:27,984,30.4,52.8
2026-04-09T11:14:30,413,30.5,52.8
2026-04-09T11:14:32,465,30.4,52.6
2026-04-09T11:14:35,524,30.4,52.7
2026-04-09T11:14:38,532,30.4,52.7
2026-04-09T11:14:43,943,30.4,52.7
2026-04-09T11:14:46,876,30.5,52.9
2026-04-09T11:14:48,947,30.4,52.8
2026-04-09T11:14:51,945,30.5,53.0
2026-04-09T11:14:54,820,30.5,53.0
2026-04-09T11:14:56,556,30.4,52.9
2026-04-09T11:14:59,592,30.5,52.7
2026-04-09T11:15:04,596,30.4,52.7
2026-04-09T11:15:07,592,30.5,52.7
2026-04-09T11:15:13,591,30.5,52.6
2026-04-09T11:15:15,592,30.5,52.7
2026-04-09T11:15:18,592,30.5,52.6
2026-04-09T11:15:21,593,30.5,52.7
2026-04-16T23:07:05,980,31.8,60.6
2026-04-16T23:07:07,955,31.8,60.9
2026-04-16T23:07:18,1000,31.8,60.9
2026-04-16T23:07:20,959,31.8,60.6
2026-04-16T23:07:23,940,31.8,60.8
2026-04-16T23:07:26,948,31.8,60.7
2026-04-16T23:07:28,966,31.8,61.0
2026-04-16T23:07:33,975,31.8,60.7
2026-04-16T23:07:36,986,31.8,60.6
2026-04-16T23:07:39,1014,31.8,60.6
2026-04-16T23:07:41,999,31.8,60.9
2026-04-16T23:07:44,995,31.8,61.0
2026-04-16T23:07:47,995,31.8,61.3
2026-04-16T23:07:49,996,31.8,61.2
2026-04-16T23:07:54,994,31.8,61.3
2026-04-16T23:07:57,1002,31.8,61.5
2026-04-16T23:08:00,1001,31.8,61.0
2026-04-16T23:08:02,1001,31.8,60.9
2026-04-16T23:08:08,1001,31.9,61.0
2026-04-16T23:08:13,1001,31.9,61.1
2026-04-16T23:08:15,1002,31.9,60.9
2026-04-16T23:08:18,1000,31.9,60.8
2026-04-16T23:08:21,1002,31.9,61.7
2026-04-16T23:08:23,990,31.9,61.7
2026-04-16T23:08:26,989,31.9,61.4
2026-04-16T23:08:31,972,31.9,61.8
2026-04-16T23:08:34,1015,31.9,61.5
2026-04-16T23:08:36,1002,31.9,61.1
2026-04-16T23:08:42,1002,31.9,60.8
2026-04-16T23:08:47,1001,31.9,60.6
2026-04-16T23:08:49,1015,32.0,60.5
2026-04-16T23:08:52,1002,32.0,60.5
2026-04-16T23:08:55,1001,32.0,60.5
2026-04-16T23:08:57,1002,32.0,60.7
2026-04-16T23:09:00,1014,32.0,60.7
2026-04-16T23:09:05,998,31.9,61.2
2026-04-16T23:09:08,1014,32.0,60.8
2026-04-16T23:09:13,999,31.9,60.6
2026-04-16T23:09:16,999,32.0,61.2
2026-04-16T23:09:18,1015,32.0,61.5
2026-04-16T23:09:24,999,32.0,61.3
2026-04-16T23:09:26,999,32.0,61.2
2026-04-16T23:09:29,1002,32.0,61.2
2026-04-16T23:09:31,1000,32.0,60.5
2026-04-16T23:09:37,1000,32.0,60.2
2026-04-16T23:09:44,1000,32.0,60.1
2026-04-16T23:09:47,1000,32.0,60.2
2026-04-16T23:09:50,1001,32.0,60.5
2026-04-16T23:09:52,1000,32.0,60.3
2026-04-16T23:09:55,1000,32.0,60.2
2026-04-16T23:10:00,1002,32.0,60.2
2026-04-16T23:10:03,1000,32.0,60.3
2026-04-16T23:10:05,1000,32.0,60.5
2026-04-16T23:10:08,1001,32.0,60.7
2026-04-16T23:10:10,1000,32.0,60.6
2026-04-16T23:10:16,1001,32.0,60.7
2026-04-16T23:10:18,1000,32.1,60.3
2026-04-16T23:10:24,1000,32.0,61.0
2026-04-16T23:10:26,972,32.0,60.9
2026-04-16T23:10:29,971,32.1,60.6
2026-04-16T23:10:32,957,32.1,60.7
2026-04-16T23:10:37,954,32.1,60.9
2026-04-16T23:10:39,963,32.1,60.6
2026-04-16T23:10:42,964,32.1,60.4
2026-04-16T23:10:45,971,32.1,60.1
2026-04-16T23:10:52,968,32.1,60.7
2026-04-16T23:10:55,968,32.1,61.0
2026-04-16T23:10:58,967,32.1,61.1
2026-04-16T23:11:00,967,32.1,60.7
2026-04-16T23:11:03,943,32.1,60.1
2026-04-16T23:11:06,945,32.1,60.2
2026-04-16T23:11:11,948,32.1,60.1
2026-04-16T23:11:13,949,32.1,60.1
2026-04-16T23:11:16,950,32.2,60.2
2026-04-16T23:11:19,963,32.2,60.3
2026-04-16T23:11:21,963,32.2,60.1
2026-04-16T23:11:26,964,32.2,60.1
2026-04-16T23:11:29,964,32.2,60.2
2026-04-16T23:11:31,964,32.2,60.6
2026-04-16T23:11:34,963,32.2,60.5
2026-04-16T23:11:37,964,32.2,60.6
2026-04-16T23:11:39,965,32.2,60.3
2026-04-16T23:11:47,964,32.2,60.5
2026-04-16T23:11:50,964,32.3,60.1
2026-04-16T23:11:52,965,32.3,60.0
2026-04-16T23:12:54,950,32.3,59.6
2026-04-16T23:12:59,956,32.3,60.0
2026-04-16T23:13:02,951,32.3,60.3
2026-04-16T23:13:05,955,32.3,60.1
2026-04-16T23:13:07,955,32.3,59.8
2026-04-16T23:13:10,950,32.3,59.6
2026-04-16T23:13:15,932,32.3,59.4
2026-04-16T23:13:17,935,32.3,59.3
2026-04-16T23:13:20,967,32.3,59.1
2026-04-16T23:13:23,968,32.3,59.2
2026-04-16T23:13:25,967,32.3,59.3
2026-04-16T23:13:31,967,32.3,59.2
2026-04-16T23:13:33,966,32.3,60.2
2026-04-16T23:13:36,967,32.3,60.4
2026-04-16T23:13:39,967,32.3,60.6
2026-04-16T23:13:41,966,32.3,60.7
2026-04-16T23:13:44,965,32.3,60.0
2026-04-16T23:13:49,961,32.3,59.5
2026-04-16T23:13:52,962,32.3,59.5
2026-04-16T23:13:55,960,32.3,59.3
2026-04-16T23:13:59,959,32.3,59.2
2026-04-16T23:14:02,960,32.3,59.1
2026-04-16T23:14:06,962,32.3,59.3
2026-04-16T23:14:06,961,32.3,59.2
2026-04-16T23:14:09,964,32.3,59.3
2026-04-16T23:14:12,960,32.3,59.1
2026-04-16T23:14:15,958,32.3,59.1
2026-04-16T23:14:23,970,32.3,59.2
2026-04-16T23:14:26,969,32.3,59.6
2026-04-16T23:14:29,969,32.3,60.2
2026-04-16T23:14:35,968,32.3,59.9
2026-04-16T23:14:38,968,32.3,60.1
2026-04-16T23:14:41,964,32.3,59.8
2026-04-16T23:14:44,963,32.3,59.6
2026-04-16T23:14:47,968,32.3,59.0
2026-04-16T23:14:50,960,32.3,58.9
2026-04-16T23:14:52,959,32.3,58.9
2026-04-16T23:14:56,960,32.3,58.9
2026-04-16T23:14:59,962,32.2,59.2
2026-04-16T23:15:02,962,32.3,59.1
2026-04-16T23:15:05,962,32.2,58.9
2026-04-16T23:15:08,962,32.2,58.8
2026-04-16T23:15:11,962,32.2,58.7
2026-04-16T23:15:14,962,32.2,58.9
2026-04-16T23:15:18,962,32.2,58.6
2026-04-16T23:15:21,963,32.2,58.6
2026-04-16T23:15:29,964,32.2,58.6
2026-04-16T23:15:35,963,32.2,58.7
2026-04-16T23:15:38,967,32.1,58.8
2026-04-16T23:15:40,966,32.1,59.3
2026-04-16T23:15:43,970,32.1,59.1
2026-04-16T23:15:46,969,32.1,58.8
2026-04-16T23:15:49,968,32.2,58.7
2026-04-16T23:15:52,967,32.1,58.8
2026-04-16T23:15:55,967,32.1,58.9
2026-04-16T23:15:58,966,32.1,59.3
2026-04-16T23:16:00,965,32.1,59.3
2026-04-16T23:16:03,965,32.1,59.2
2026-04-16T23:16:08,926,32.1,59.1
2026-04-16T23:16:11,933,32.1,59.0
2026-04-16T23:16:14,932,32.1,59.2
2026-04-16T23:16:16,940,32.1,59.4
2026-04-16T23:16:19,939,32.0,59.3
2026-04-16T23:16:22,922,32.1,59.3
2026-04-16T23:16:26,933,32.0,59.2
2026-04-16T23:16:30,933,32.1,59.1
2026-04-16T23:16:34,939,32.0,59.0
2026-04-16T23:16:37,945,32.0,59.0
2026-04-16T23:16:37,946,32.0,59.1
2026-04-16T23:16:42,935,32.0,59.1
2026-04-16T23:16:46,936,32.0,60.0
2026-04-16T23:16:50,933,32.0,59.6
2026-04-16T23:16:50,938,32.0,59.3
2026-04-16T23:16:54,947,32.0,59.2
2026-04-16T23:16:59,950,32.0,59.1
2026-04-16T23:16:59,949,32.0,59.3
2026-04-16T23:17:02,949,32.0,59.2
2026-04-16T23:17:07,949,32.0,59.4
2026-04-16T23:17:10,949,32.0,59.6
2026-04-16T23:17:13,949,32.0,59.5
2026-04-16T23:17:15,950,32.0,59.4
2026-04-16T23:17:18,952,32.0,59.9
2026-04-16T23:17:21,952,32.0,59.8
2026-04-16T23:17:24,954,32.0,59.6
2026-04-16T23:17:26,953,31.9,60.2
2026-04-16T23:17:32,957,32.0,60.9
2026-04-16T23:17:34,954,31.9,60.7
2026-04-16T23:17:37,953,32.0,60.9
2026-04-16T23:17:40,955,32.0,60.6
2026-04-16T23:17:42,955,32.0,60.4
2026-04-16T23:17:47,955,32.0,60.5
2026-04-16T23:17:50,955,32.0,60.3
2026-04-16T23:17:53,955,32.0,60.0
2026-04-16T23:17:55,956,32.0,59.8
2026-04-16T23:17:58,956,32.0,59.4
2026-04-16T23:18:06,960,32.0,59.3
2026-04-16T23:18:08,964,32.0,59.0
2026-04-16T23:18:11,964,32.0,59.7
2026-04-16T23:18:14,960,32.0,59.7
2026-04-16T23:18:21,962,32.0,59.6
2026-04-16T23:18:24,960,32.0,59.4
2026-04-16T23:18:27,961,32.0,59.3
2026-04-16T23:18:29,961,32.0,59.4
2026-04-16T23:18:32,960,32.0,59.2
2026-04-16T23:18:35,960,32.0,59.3
2026-04-16T23:18:38,962,32.0,59.3
2026-04-16T23:18:43,950,32.0,59.3
2026-04-16T23:18:46,949,32.0,59.3
2026-04-16T23:18:48,950,32.0,59.2
2026-04-16T23:18:51,952,32.0,59.4
2026-04-16T23:18:54,951,32.0,59.5
2026-04-16T23:18:57,951,32.0,60.0
2026-04-16T23:19:00,951,32.0,59.8
2026-04-16T23:19:03,951,32.0,59.5
2026-04-16T23:19:06,946,32.0,59.5
2026-04-16T23:19:11,945,32.0,59.2
2026-04-16T23:19:14,945,32.0,59.3
2026-04-16T23:19:16,945,32.0,59.4
2026-04-16T23:19:19,948,31.9,59.3
2026-04-16T23:19:22,942,32.0,59.4
2026-04-16T23:19:25,941,32.0,59.4
2026-04-16T23:19:27,942,32.0,59.2
2026-04-16T23:19:30,944,32.0,59.1
2026-04-16T23:19:33,945,32.0,59.1
2026-04-16T23:19:36,944,32.0,59.2
2026-04-16T23:19:40,944,32.0,59.1
2026-04-16T23:19:45,942,32.0,59.3
2026-04-16T23:19:48,941,32.0,59.1
2026-04-16T23:19:51,940,32.0,59.0
2026-04-16T23:19:57,939,32.0,59.0
2026-04-16T23:20:00,940,32.0,59.0
2026-04-16T23:20:06,940,32.0,59.1
2026-04-16T23:20:09,943,32.0,59.1
2026-04-16T23:20:11,934,32.0,59.1
2026-04-16T23:20:14,936,32.0,59.0
2026-04-16T23:20:17,938,32.0,59.1
2026-04-16T23:20:20,935,32.0,59.1
2026-04-16T23:20:23,935,32.0,59.0
2026-04-16T23:20:26,936,32.0,59.0
2026-04-16T23:20:29,934,32.0,59.0
2026-04-16T23:20:32,939,32.0,59.2
2026-04-16T23:20:37,938,32.0,59.6
2026-04-16T23:20:40,936,32.0,59.6
2026-04-16T23:20:43,936,32.0,59.3
2026-04-16T23:20:46,936,32.0,59.1
2026-04-16T23:20:49,936,32.0,59.0
2026-04-16T23:20:56,937,32.0,59.0
2026-04-16T23:20:59,937,32.0,59.1
2026-04-16T23:21:01,936,32.0,58.9
2026-04-16T23:21:04,938,32.0,59.1
2026-04-16T23:21:07,937,31.9,59.0
2026-04-16T23:21:10,937,32.0,59.2
2026-04-16T23:21:16,938,32.0,59.3
2026-04-16T23:21:19,940,32.0,59.2
2026-04-16T23:21:22,940,31.9,59.2
2026-04-16T23:21:25,947,32.0,59.2
2026-04-16T23:21:29,946,32.0,59.1
2026-04-16T23:21:32,946,31.9,59.1
2026-04-16T23:21:35,946,32.0,59.2
2026-04-16T23:21:39,945,31.9,59.1
2026-04-16T23:21:42,946,31.9,59.1
2026-04-16T23:21:45,945,31.9,59.1
2026-04-16T23:21:49,943,31.9,59.2
2026-04-16T23:21:54,944,31.9,59.3
2026-04-16T23:21:54,944,31.9,59.2
2026-04-16T23:22:02,943,31.9,59.2
2026-04-16T23:22:04,942,31.9,59.2
2026-04-16T23:22:07,942,31.9,59.1
2026-04-16T23:22:11,943,31.9,59.3
2026-04-16T23:22:14,933,31.9,59.2
2026-04-16T23:22:17,932,31.9,59.2
2026-04-16T23:22:20,926,31.9,59.3
2026-04-16T23:22:20,930,31.9,59.3
2026-04-16T23:22:24,932,31.9,59.4
2026-04-16T23:22:27,933,31.9,59.3
2026-04-16T23:22:30,932,31.9,59.3
2026-04-16T23:22:33,934,31.9,59.4
2026-04-16T23:22:37,935,31.9,59.4
2026-04-16T23:22:40,932,31.9,59.4
2026-04-16T23:22:43,932,31.9,59.7
2026-04-16T23:22:46,936,31.9,60.9
2026-04-16T23:22:50,936,31.9,60.1
2026-04-16T23:22:52,919,31.9,59.8
2026-04-16T23:22:55,926,31.9,59.5
2026-04-16T23:22:58,915,31.9,59.5
2026-04-16T23:23:01,916,31.9,59.4
2026-04-16T23:23:06,925,31.9,59.3
2026-04-16T23:23:09,927,31.9,59.2
2026-04-16T23:23:12,922,31.9,59.2
2026-04-16T23:23:16,913,31.9,59.3
2026-04-16T23:23:20,914,31.9,59.4
2026-04-16T23:23:20,913,31.9,59.3
2026-04-16T23:23:27,914,31.9,59.5
2026-04-16T23:23:27,915,31.9,59.5
2026-04-16T23:23:32,916,31.9,59.4
2026-04-16T23:23:38,916,31.9,59.5
2026-04-16T23:23:38,916,31.9,59.6
2026-04-16T23:23:45,911,31.9,59.4
2026-04-16T23:23:45,902,31.9,59.4
2026-04-16T23:23:49,908,31.9,59.4
2026-04-16T23:23:53,937,31.9,59.3
2026-04-16T23:23:53,944,31.9,59.4
2026-04-16T23:23:58,990,31.9,59.8
2026-04-16T23:24:04,969,31.9,59.8
2026-04-16T23:24:07,935,31.9,59.7
2026-04-16T23:24:10,972,31.9,59.5
2026-04-16T23:24:13,897,31.9,59.5
2026-04-16T23:24:15,944,31.9,59.6
2026-04-16T23:24:18,938,31.9,59.8
2026-04-16T23:24:23,945,31.9,60.0
2026-04-16T23:24:26,939,31.9,59.9
2026-04-16T23:24:29,937,31.9,59.8
2026-04-16T23:24:32,936,31.9,59.7
2026-04-16T23:24:34,930,31.9,59.7
2026-04-16T23:24:37,920,31.9,59.5
2026-04-16T23:24:40,934,31.9,59.4
2026-04-16T23:24:43,945,31.9,59.4
2026-04-16T23:24:46,776,31.9,59.4
2026-04-16T23:24:51,974,31.9,59.5
2026-04-16T23:24:53,973,31.9,59.6
2026-04-16T23:24:56,973,31.9,59.5
2026-04-16T23:24:59,974,31.9,59.4
2026-04-16T23:25:04,974,31.9,59.5
2026-04-16T23:25:09,974,31.9,59.4
2026-04-16T23:25:12,974,31.9,59.5
2026-04-16T23:25:17,973,31.9,59.5
2026-04-16T23:25:20,973,31.9,59.4
2026-04-16T23:25:23,968,31.9,59.5
2026-04-16T23:25:28,970,31.9,59.5
2026-04-16T23:25:31,972,31.9,59.5
2026-04-16T23:25:34,971,31.9,59.4
2026-04-16T23:25:37,964,31.9,59.4
2026-04-16T23:25:40,963,31.9,59.3
2026-04-16T23:25:43,957,31.9,59.4
2026-04-16T23:25:46,959,31.9,59.3
2026-04-16T23:25:49,957,31.9,59.5
2026-04-16T23:25:52,970,31.9,59.5
2026-04-16T23:25:55,972,31.9,59.5
2026-04-16T23:25:57,952,31.9,59.4
2026-04-16T23:26:01,962,31.9,59.5
2026-04-16T23:26:04,968,31.9,59.7
2026-04-16T23:26:07,972,31.9,59.8
2026-04-16T23:26:11,971,31.9,59.6
2026-04-16T23:26:14,969,31.9,59.6
2026-04-16T23:26:17,956,31.9,59.5
2026-04-16T23:26:20,950,31.9,59.5
2026-04-16T23:26:23,947,31.9,59.4
2026-04-16T23:26:26,931,31.9,59.4
2026-04-16T23:26:30,886,31.9,59.4
2026-04-16T23:26:33,901,31.9,59.5
2026-04-16T23:26:36,915,31.9,59.3
2026-04-16T23:26:39,916,31.9,59.4
2026-04-16T23:26:42,916,31.9,59.3
2026-04-16T23:26:45,915,31.9,59.4
2026-04-16T23:26:48,917,31.9,59.4
2026-04-16T23:26:51,915,31.8,59.5
2026-04-16T23:26:53,916,31.9,59.6
2026-04-16T23:26:59,921,31.9,59.6
2026-04-16T23:27:02,916,31.9,59.6
2026-04-16T23:27:05,903,31.9,59.5
2026-04-16T23:27:08,921,31.9,59.5
2026-04-16T23:27:11,922,31.9,59.4
2026-04-16T23:27:14,926,31.9,59.4
2026-04-16T23:27:18,917,31.9,59.8
2026-04-16T23:27:20,904,31.9,60.4
2026-04-16T23:27:26,870,31.9,60.1
2026-04-16T23:27:28,876,31.9,59.9
2026-04-16T23:27:31,884,31.9,59.6
2026-04-16T23:27:35,884,31.9,59.4
2026-04-16T23:27:37,883,32.0,59.4
2026-04-16T23:27:40,881,31.9,59.3
2026-04-16T23:27:43,883,31.9,59.5
2026-04-16T23:27:46,884,31.9,59.4
2026-04-16T23:27:49,882,31.9,59.3
2026-04-16T23:27:52,880,31.9,59.2
2026-04-16T23:27:55,878,31.9,59.1
2026-04-16T23:27:59,875,31.9,59.2
2026-04-16T23:28:02,878,31.9,59.4
2026-04-16T23:28:05,879,31.9,59.5
2026-04-16T23:28:08,878,32.0,59.4
2026-04-16T23:28:12,881,32.0,59.3
2026-04-16T23:28:15,905,31.9,59.2
2026-04-16T23:28:17,907,31.9,59.2
2026-04-16T23:28:21,908,31.9,59.3
2026-04-16T23:28:24,908,31.9,59.2
2026-04-16T23:28:29,908,31.9,59.5
2026-04-16T23:28:32,908,31.9,59.7
2026-04-16T23:28:35,909,31.9,59.5
